-- MySQL dump 10.13  Distrib 8.0.34, for Win64 (x86_64)
--
-- Host: k10e207.p.ssafy.io    Database: e207
-- ------------------------------------------------------
-- Server version	8.3.0

/*!40101 SET @OLD_CHARACTER_SET_CLIENT=@@CHARACTER_SET_CLIENT */;
/*!40101 SET @OLD_CHARACTER_SET_RESULTS=@@CHARACTER_SET_RESULTS */;
/*!40101 SET @OLD_COLLATION_CONNECTION=@@COLLATION_CONNECTION */;
/*!50503 SET NAMES utf8 */;
/*!40103 SET @OLD_TIME_ZONE=@@TIME_ZONE */;
/*!40103 SET TIME_ZONE='+00:00' */;
/*!40014 SET @OLD_UNIQUE_CHECKS=@@UNIQUE_CHECKS, UNIQUE_CHECKS=0 */;
/*!40014 SET @OLD_FOREIGN_KEY_CHECKS=@@FOREIGN_KEY_CHECKS, FOREIGN_KEY_CHECKS=0 */;
/*!40101 SET @OLD_SQL_MODE=@@SQL_MODE, SQL_MODE='NO_AUTO_VALUE_ON_ZERO' */;
/*!40111 SET @OLD_SQL_NOTES=@@SQL_NOTES, SQL_NOTES=0 */;

--
-- Table structure for table `class`
--

DROP TABLE IF EXISTS `class`;
/*!40101 SET @saved_cs_client     = @@character_set_client */;
/*!50503 SET character_set_client = utf8mb4 */;
CREATE TABLE `class` (
  `class_code` varchar(4) NOT NULL,
  `class_name` varchar(255) NOT NULL,
  PRIMARY KEY (`class_code`)
) ENGINE=InnoDB DEFAULT CHARSET=utf8mb4 COLLATE=utf8mb4_0900_ai_ci;
/*!40101 SET character_set_client = @saved_cs_client */;

--
-- Dumping data for table `class`
--

LOCK TABLES `class` WRITE;
/*!40000 ALTER TABLE `class` DISABLE KEYS */;
INSERT INTO `class` VALUES ('C001','Warrior'),('C002','Archer'),('C003','Mage');
/*!40000 ALTER TABLE `class` ENABLE KEYS */;
UNLOCK TABLES;

--
-- Table structure for table `dungeon`
--

DROP TABLE IF EXISTS `dungeon`;
/*!40101 SET @saved_cs_client     = @@character_set_client */;
/*!50503 SET character_set_client = utf8mb4 */;
CREATE TABLE `dungeon` (
  `dungeon_code` varchar(255) NOT NULL,
  `dungeon_name` varchar(255) NOT NULL,
  PRIMARY KEY (`dungeon_code`)
) ENGINE=InnoDB DEFAULT CHARSET=utf8mb4 COLLATE=utf8mb4_0900_ai_ci;
/*!40101 SET character_set_client = @saved_cs_client */;

--
-- Dumping data for table `dungeon`
--

LOCK TABLES `dungeon` WRITE;
/*!40000 ALTER TABLE `dungeon` DISABLE KEYS */;
INSERT INTO `dungeon` VALUES ('D000','Tutorial'),('D001','DeepForest'),('D002','ForgottenTemple'),('D003','StarShardPlain');
/*!40000 ALTER TABLE `dungeon` ENABLE KEYS */;
UNLOCK TABLES;

--
-- Table structure for table `dungeon_log`
--

DROP TABLE IF EXISTS `dungeon_log`;
/*!40101 SET @saved_cs_client     = @@character_set_client */;
/*!50503 SET character_set_client = utf8mb4 */;
CREATE TABLE `dungeon_log` (
  `is_cleared` bit(1) NOT NULL,
  `created_at` datetime(6) NOT NULL,
  `dungeon_code` varchar(255) NOT NULL,
  `party_id` varchar(255) NOT NULL,
  `clear_time` bigint DEFAULT NULL,
  PRIMARY KEY (`dungeon_code`,`party_id`),
  KEY `FKs889ni8hbf5ik54fj0p9efo5k` (`party_id`),
  CONSTRAINT `FK8cn5dqf26vxc35xla810y8n2h` FOREIGN KEY (`dungeon_code`) REFERENCES `dungeon` (`dungeon_code`),
  CONSTRAINT `FKs889ni8hbf5ik54fj0p9efo5k` FOREIGN KEY (`party_id`) REFERENCES `party` (`party_id`)
) ENGINE=InnoDB DEFAULT CHARSET=utf8mb4 COLLATE=utf8mb4_0900_ai_ci;
/*!40101 SET character_set_client = @saved_cs_client */;

--
-- Dumping data for table `dungeon_log`
--

LOCK TABLES `dungeon_log` WRITE;
/*!40000 ALTER TABLE `dungeon_log` DISABLE KEYS */;
INSERT INTO `dungeon_log` VALUES (_binary '','2024-05-17 20:08:02.403134','D001','019efbb6-df30-46fe-9622-0e1f841a58e0',84),(_binary '','2024-05-18 01:25:20.746476','D001','04350f48-4ef7-4dd0-8f4d-195af5345fa2',66),(_binary '','2024-05-18 02:05:10.099065','D001','06daa696-2cd8-4756-beb6-15484a359441',92),(_binary '\0','2024-05-18 18:10:44.679175','D001','0ac13d3c-39e3-409c-95dc-dfa21c1c68b7',114),(_binary '','2024-05-18 02:47:25.612466','D001','0c4bb504-7c3f-4fc9-9951-49338021b780',56),(_binary '','2024-05-18 21:18:32.896260','D001','11949d67-caee-4653-a4c8-cd78c854949f',63),(_binary '','2024-05-18 14:22:30.710463','D001','13a0a445-7f5a-4061-bedb-a9f216117063',49),(_binary '\0','2024-05-18 18:43:44.920788','D001','14f6ca5c-51e8-456e-98e0-e7590054944a',126),(_binary '','2024-05-18 02:58:51.481109','D001','16e4b587-1fe5-46b0-8f32-e8ef38a2a14c',59),(_binary '\0','2024-05-18 21:16:16.422994','D001','1b1a974e-779e-4ebe-990e-fea5a9bdc7ce',77),(_binary '','2024-05-19 16:32:52.587166','D001','1b661473-2b2f-49be-9081-00ade2145935',75),(_binary '\0','2024-05-18 20:26:20.232424','D001','1f17bbfc-c865-4104-a5fe-77f25bcc6b1d',97),(_binary '','2024-05-17 20:13:01.346198','D001','212a6148-74b8-4868-89e3-1f2295a9b333',70),(_binary '\0','2024-05-18 18:06:10.142475','D001','24ffde22-18d4-4911-8b65-1d074941509c',120),(_binary '\0','2024-05-18 18:46:27.868281','D001','2651c8db-6103-43dd-bf1d-c9b59f816c90',74),(_binary '','2024-05-18 17:40:24.696783','D001','2663e46d-ce59-4b31-a42d-2c58e3424a89',50),(_binary '\0','2024-05-18 11:21:03.490198','D001','2cbd59d8-23f1-4709-ac6a-f6f6a6c5baa0',89),(_binary '','2024-05-18 19:50:29.295536','D001','2d6d0947-f044-4d93-bee1-9c28be532134',77),(_binary '','2024-05-17 20:11:18.223478','D001','2e5f77ad-ce2f-4097-be2f-2e0ae36693df',92),(_binary '\0','2024-05-18 21:13:39.919866','D001','3036f150-e6d7-4699-a37a-e8fee60fa1cb',91),(_binary '','2024-05-18 19:46:27.497706','D001','31eb19db-e1c4-4bd5-95cf-b383a8805f7f',109),(_binary '','2024-05-18 18:30:05.862590','D001','32b14cd5-9100-4a4f-bd40-11a032a06539',38),(_binary '\0','2024-05-18 00:58:13.574265','D001','35090864-2c9e-41a9-bdd7-b144b5ac28fa',102),(_binary '','2024-05-18 17:37:54.189886','D001','359a85d2-39ec-403a-8990-51a2794085d2',57),(_binary '','2024-05-17 20:14:56.484838','D001','369c68ee-acc0-4947-bbb5-a760280e4813',57),(_binary '\0','2024-05-18 19:58:06.046218','D001','37db66af-fe05-4911-92b7-80ac468430ee',110),(_binary '\0','2024-05-18 17:59:30.561403','D001','3bf2af65-b3cc-4ea6-bf92-f5c64b3c5bea',54),(_binary '\0','2024-05-18 00:55:40.226632','D001','42308780-b39b-46e3-8057-7a75b562c0b1',45),(_binary '','2024-05-18 16:50:53.118868','D001','423405be-e1d4-4cd3-a7ff-39c3c0dda1c6',58),(_binary '','2024-05-18 19:15:50.506825','D001','44b835e3-14b5-49f1-87ff-dd94e92cfcac',63),(_binary '','2024-05-18 22:08:02.854794','D001','44d6826f-8b52-45bf-9441-385dfcdb7135',52),(_binary '\0','2024-05-18 01:47:05.279972','D001','45a77e11-624c-4b49-8c91-f1ac902ad2eb',62),(_binary '','2024-05-18 19:33:43.569868','D001','46722ae1-7028-4970-a3e9-3b38b56a6d71',72),(_binary '','2024-05-18 21:03:48.632082','D001','4791e127-4836-4792-b88f-5ec8cce17386',51),(_binary '\0','2024-05-18 17:28:02.131809','D001','485e8d8f-a5e5-4ab6-a371-7e2488eb7f69',90),(_binary '\0','2024-05-18 17:53:15.045535','D001','4945eba3-8a47-49e8-851d-74d57742bc03',97),(_binary '','2024-05-18 14:26:28.407034','D001','4a776af2-b92d-4be6-a867-a93e454a4025',52),(_binary '','2024-05-18 14:37:25.472497','D001','4b3cd4d7-6a2a-434c-be08-b42f420f1a6a',71),(_binary '\0','2024-05-18 01:33:46.200190','D001','4ba9625b-1031-4613-9c76-0ddf68ce48a4',64),(_binary '','2024-05-18 21:35:15.939746','D001','4cd09206-86a2-431b-9a2a-7f948562866d',54),(_binary '\0','2024-05-18 02:15:52.513843','D001','4e863b43-a0a5-4791-a815-9567a12d0183',87),(_binary '\0','2024-05-18 17:43:10.572519','D001','4f857d8c-60e6-4c6f-8906-5f563d6ae8ec',100),(_binary '','2024-05-18 02:09:25.066478','D001','556d34fb-1c91-480b-9170-1d91e7f53c99',92),(_binary '','2024-05-18 17:35:59.450330','D001','557e9c19-8a3c-4cbe-a8ba-0cb21f0c13f0',72),(_binary '\0','2024-05-18 19:11:08.656579','D001','58209b75-9888-45d2-ad55-583fc79ad8a5',111),(_binary '\0','2024-05-18 00:54:16.914432','D001','584ae3d3-e758-48cb-a6c1-796895927f9a',91),(_binary '\0','2024-05-18 11:23:01.360734','D001','5868b84c-f0c2-474d-8698-05d32aada706',87),(_binary '\0','2024-05-18 19:50:59.138442','D001','5d79af28-d73f-45c5-9b6c-8795f7a4049b',99),(_binary '\0','2024-05-18 01:44:52.612282','D001','689c1fe5-6c4f-4946-848f-8688f2424a05',45),(_binary '\0','2024-05-18 11:19:12.451999','D001','6dfce72a-608a-4a57-aed0-e368866f8940',87),(_binary '','2024-05-18 19:22:34.677168','D001','6ee64bca-1e5a-410f-ab34-a0f62ef88ebe',87),(_binary '','2024-05-18 14:21:23.947591','D001','6fa506e5-785c-46ce-9cb7-d295532ec8b0',49),(_binary '','2024-05-18 19:52:22.579068','D001','70aa8776-d7fa-45ab-bbb7-bdd5c84b6619',63),(_binary '','2024-05-18 23:00:34.462973','D001','70ba65d1-3855-4d8f-a2bf-fbf2b3497ee8',64),(_binary '\0','2024-05-18 20:09:27.050866','D001','728acca8-c6e1-4501-9654-5875468716be',101),(_binary '','2024-05-18 17:42:09.553829','D001','73bd1469-ed66-4710-9fe4-8435f54d292d',51),(_binary '','2024-05-19 16:37:57.409392','D001','73d86f6f-30e9-45d2-8cdd-9e4c60b7f401',59),(_binary '\0','2024-05-19 16:27:53.393171','D001','74552c1e-249a-46f5-a779-1d0fa5d57295',127),(_binary '\0','2024-05-18 19:41:51.149959','D001','74cb0f19-5ebc-4ef5-bcba-57f9aad6a029',135),(_binary '\0','2024-05-18 23:49:16.564409','D001','76dc0988-31b4-49e7-bf32-7c239f9e2316',44),(_binary '\0','2024-05-18 19:14:17.037176','D001','7acbeff4-ec69-47c6-b64b-64d4ddaf9403',113),(_binary '','2024-05-18 02:14:16.922539','D001','7af4f405-d1f6-40bd-ab5a-8e05bf393496',87),(_binary '','2024-05-18 19:48:14.075100','D001','7c27e2b8-cc0e-4813-b9dc-11c9a621d92f',88),(_binary '','2024-05-18 02:01:12.420858','D001','7ed9ce52-af29-47a5-9569-a7773685d743',101),(_binary '\0','2024-05-18 11:26:16.407614','D001','80a509aa-7810-4127-bb0a-240b42a9a17b',70),(_binary '','2024-05-18 21:44:19.560577','D001','80c351c6-da69-43d1-8e66-9f4c868bb1e5',51),(_binary '\0','2024-05-19 10:59:54.485720','D001','861c54ee-90b3-48c4-938c-801b9e4ccc61',84),(_binary '','2024-05-18 02:37:15.035281','D001','8660a711-63f4-43f9-8c8f-144ab50c4f42',54),(_binary '','2024-05-18 02:17:30.888482','D001','869693ec-c63c-4c8f-85e7-5ba0c499f1fe',92),(_binary '\0','2024-05-18 18:08:35.621788','D001','87424706-aaba-4bce-8f6d-ed21ccb5135f',141),(_binary '\0','2024-05-18 01:48:27.158686','D001','8c1abb0b-213d-4a29-a63f-9130feb4d56b',59),(_binary '','2024-05-18 02:30:21.034970','D001','8dc0c060-f526-4e85-81a7-d3007f0d9a2f',70),(_binary '','2024-05-18 23:31:03.937960','D001','8f063ccd-bea8-407a-91ff-af80c6f6fb50',47),(_binary '\0','2024-05-18 22:10:03.619457','D001','913e4ae1-1328-4534-9ff8-9a550e51ff87',104),(_binary '\0','2024-05-17 20:06:18.526681','D001','92795c60-d9c9-4405-b59c-bc31d10d37f9',92),(_binary '','2024-05-18 03:04:27.298024','D001','9707dbfc-4cf5-4bac-b2aa-b2bc6134ec17',58),(_binary '\0','2024-05-19 11:01:51.215020','D001','9800a13e-e88d-4930-ac61-7be66cceafd9',110),(_binary '','2024-05-19 03:46:57.056961','D001','984830ae-4199-4c87-8553-f358fa715f3b',47),(_binary '\0','2024-05-18 17:56:23.623669','D001','9a23e706-639b-4fd1-af93-e1e4135a1cd4',88),(_binary '','2024-05-18 19:17:14.776593','D001','9b1c6234-f61a-4fca-a7f5-0cf9083cea3e',92),(_binary '','2024-05-18 01:22:31.408194','D001','9b3d5447-59a6-4423-acaa-5e8c5ca8062b',75),(_binary '\0','2024-05-18 02:03:18.679804','D001','9c754c00-98ee-4d83-859d-7663a6c3211b',103),(_binary '\0','2024-05-18 17:51:18.595870','D001','a014f148-2cd6-473c-9fe7-2da545c2c3c3',97),(_binary '\0','2024-05-18 19:43:52.208122','D001','a0ce40a3-7d21-4865-8086-1c4875a99e54',112),(_binary '','2024-05-18 17:40:04.068037','D001','a61b96f7-84f0-4861-9595-026f5fcb7ad9',96),(_binary '\0','2024-05-18 11:17:14.999987','D001','a8d59363-402a-4941-962e-335e57daff3e',95),(_binary '\0','2024-05-18 17:33:00.229439','D001','a9e7a75e-a441-4a57-9f48-8c43fdf30212',121),(_binary '\0','2024-05-18 01:54:49.317948','D001','ac113264-a922-40dd-8846-012a29cd7604',137),(_binary '\0','2024-05-19 16:29:56.053715','D001','ad4326b9-f2b9-46b5-950a-32958c6b6001',103),(_binary '','2024-05-18 19:54:58.992320','D001','adbcb537-2185-4bc9-bce0-af43f59622ba',59),(_binary '','2024-05-18 18:06:09.954932','D001','afc2994a-daac-4a41-b1c1-9a10cff017f5',74),(_binary '','2024-05-18 21:30:38.312672','D001','b38119cf-0e6a-407c-a1fa-c4779bb4e744',53),(_binary '\0','2024-05-18 01:50:57.129133','D001','b4517ac0-3e87-4d9a-9614-d7d1814f8a59',141),(_binary '\0','2024-05-18 01:57:11.811512','D001','b4d7f99f-f238-4dea-8203-b50104377b20',121),(_binary '\0','2024-05-18 20:23:06.552382','D001','b4e99111-176d-4dd8-b013-d30f59d30b87',95),(_binary '\0','2024-05-18 03:04:36.990087','D001','b7be89ac-06f9-4f37-98fe-3ee52acf6d64',88),(_binary '','2024-05-18 02:19:10.086160','D001','ba79492b-1115-4609-8c61-a78e34be2341',84),(_binary '\0','2024-05-18 20:01:44.403814','D001','bb8c7c7f-0b32-4e16-96bb-2f3a0f83c290',106),(_binary '\0','2024-05-18 11:24:31.139938','D001','bd98838d-70e7-4e2d-8aba-27584f71e347',83),(_binary '\0','2024-05-18 17:54:50.710519','D001','bf3e37a8-4059-4caf-8e03-58fd29885a7b',86),(_binary '','2024-05-18 17:57:58.654435','D001','c0ad77fe-2888-4845-bde8-c1e612c51381',74),(_binary '\0','2024-05-18 17:38:00.442328','D001','c159df61-3219-4fab-ae68-263d9aa1610e',98),(_binary '\0','2024-05-18 18:04:01.666745','D001','c1c0e0eb-a4f5-4280-8d32-20732a520af8',68),(_binary '','2024-05-18 19:53:47.968521','D001','c488f069-e1f6-43b9-9f50-454b9df09df7',61),(_binary '','2024-05-17 20:19:06.387772','D001','c96c688c-29b4-4782-9a15-122a01f3da00',55),(_binary '','2024-05-18 14:46:17.306405','D001','ca8e2fde-18cc-4588-9d4d-0b816b8a1bfb',50),(_binary '','2024-05-18 14:42:35.415862','D001','cd5b07a2-95be-45c9-933f-5961335a44ae',43),(_binary '\0','2024-05-18 11:13:13.060364','D001','ce654962-4556-4445-b269-371c12505334',58),(_binary '','2024-05-18 18:14:46.367985','D001','cf25e026-d71c-4933-a36b-ea87d874fa08',112),(_binary '','2024-05-18 23:31:59.155798','D001','cf99bee9-a5f3-4843-bdd9-52ed82c949f0',42),(_binary '\0','2024-05-18 18:02:50.025186','D001','d064abe9-3c52-492c-b99b-ed358c870820',60),(_binary '\0','2024-05-18 18:00:35.596190','D001','d08302be-f09a-4f14-83c6-dca5c95a14cb',61),(_binary '','2024-05-18 23:32:53.681975','D001','d0a6d8b4-4856-4510-82e0-6811d1ae6f85',40),(_binary '','2024-05-18 14:17:06.670840','D001','d3002613-7c2d-416d-95bb-9611c2124df4',48),(_binary '\0','2024-05-18 17:35:09.373137','D001','d54fea0a-1d75-46ce-b85e-08e6108f2a79',76),(_binary '\0','2024-05-18 01:59:22.391442','D001','d724b9b7-d32f-49f6-81cd-bded85e37a02',110),(_binary '\0','2024-05-18 18:01:45.743717','D001','d8501581-a28b-4159-8171-1903c46b49e9',50),(_binary '','2024-05-18 21:23:10.371310','D001','d8ba8962-4511-4161-82fe-e6513bac4346',41),(_binary '','2024-05-18 11:27:42.829537','D001','dbdd5de0-2670-4b57-bc60-bcab8c22ae76',70),(_binary '\0','2024-05-17 19:57:47.175081','D001','dcd7c1be-0e07-4254-84db-e703dedb427c',136),(_binary '\0','2024-05-18 19:39:26.138974','D001','ddb1b5be-4184-426e-8dc8-ffaae70d458c',127),(_binary '','2024-05-18 13:57:32.358763','D001','e05f8379-13e4-4fa7-b02c-653fc75d24d6',55),(_binary '\0','2024-05-18 17:49:33.640398','D001','e291a05d-321a-4900-b35c-194eeda6ca43',103),(_binary '\0','2024-05-18 19:55:17.043795','D001','e5dc868e-9d27-4d51-b206-4b7ec5146c89',77),(_binary '','2024-05-18 01:24:05.962181','D001','e806a7fb-b15c-413c-838b-00d29640a7e8',60),(_binary '','2024-05-18 14:18:55.768072','D001','eb97b83c-41fe-4daa-a5ab-09b98709debd',44),(_binary '\0','2024-05-18 21:17:14.912142','D001','ef7d1ab2-07dc-4288-977a-238c89b9018c',95),(_binary '','2024-05-18 21:25:09.110136','D001','ef90cfcd-c21e-4802-a5fe-9e9d7e901774',52),(_binary '\0','2024-05-18 17:46:54.996744','D001','f069afb2-556f-4584-9afb-da7f4f5bcfd8',99),(_binary '\0','2024-05-17 21:22:35.987233','D001','f5e12947-bf1f-4d30-88ca-8986d7aead91',84),(_binary '','2024-05-18 23:10:02.859095','D001','f75d5b89-43eb-45c5-ba51-81466bf6551b',57),(_binary '\0','2024-05-18 18:12:45.487971','D001','f8effea9-6a87-45d7-87ea-dd7bbd0fa9d4',115),(_binary '','2024-05-18 14:25:26.830105','D001','f989eb10-4b40-42ff-948a-e81ae356d9be',41),(_binary '\0','2024-05-18 17:45:06.144725','D001','faf2323a-a485-4dc5-9fe7-155759ad51b2',110),(_binary '','2024-05-18 21:27:52.979972','D001','fb2079ad-9e88-4233-b392-dff64b61e385',57),(_binary '\0','2024-05-18 11:15:21.990925','D001','fe776277-360d-4155-8207-91433e9aa053',107),(_binary '\0','2024-05-18 16:46:13.470111','D001','ff57f691-a4e0-4e75-b8d6-1e683dba5178',81),(_binary '','2024-05-18 18:21:33.977340','D002','01910cdd-d5f1-48a6-a346-1e4d68353f25',84),(_binary '','2024-05-17 20:20:11.581232','D002','07f2f31d-3cc6-4645-a650-4c5a0644e1be',54),(_binary '\0','2024-05-18 21:20:02.928905','D002','0ae98b5a-d956-48a4-9a00-825abba2d18c',74),(_binary '\0','2024-05-18 20:38:29.803045','D002','22702587-9d58-4644-9e64-3b48abf045b0',105),(_binary '\0','2024-05-18 19:10:48.964056','D002','30717c89-0141-48be-9411-e196ea6efd63',116),(_binary '\0','2024-05-18 21:21:44.908199','D002','376fb797-99ce-48c8-90eb-3020dac3f219',75),(_binary '','2024-05-18 02:32:23.804535','D002','3f4756b2-2305-4f75-a402-53874f4b777a',103),(_binary '','2024-05-17 20:25:11.403574','D002','477153cd-68b5-4fc7-aad0-00fadad8cf8e',65),(_binary '\0','2024-05-18 02:07:32.600994','D002','511c8b09-d847-47df-980e-c069ea285605',134),(_binary '','2024-05-18 21:42:55.384812','D002','516f896c-ca06-40c2-8a73-440e244772eb',48),(_binary '\0','2024-05-18 21:38:27.166745','D002','5547c2ef-acf5-4d96-8222-e680de75715f',66),(_binary '','2024-05-17 20:23:45.550236','D002','58dd4849-94a9-4125-afe1-b07e64f3a5f0',56),(_binary '\0','2024-05-18 18:20:02.406266','D002','58f60c69-72e6-41ab-a39a-62779eb89780',76),(_binary '','2024-05-19 16:39:43.594972','D002','5dec3006-524d-4dea-9f06-8bd5b2942763',70),(_binary '','2024-05-18 21:43:59.680133','D002','5e348d8b-38e6-4b40-90ed-b03f95b45c34',55),(_binary '\0','2024-05-18 21:29:39.393096','D002','68578388-8e0b-4806-b0d5-20dfa35df1db',77),(_binary '\0','2024-05-18 21:23:55.320718','D002','70c791cd-e62a-4656-893b-fcc46ba8494f',82),(_binary '\0','2024-05-18 23:32:00.938230','D002','767f04ea-c05e-447f-ab3c-625c5018792d',74),(_binary '\0','2024-05-18 02:21:25.847865','D002','792cc79b-f2af-4b76-9f18-3e1107970562',128),(_binary '\0','2024-05-18 21:26:33.827193','D002','7ab477ca-184f-4d45-9b06-134ecbd63b0c',72),(_binary '','2024-05-18 02:39:19.672884','D002','801c303a-13aa-4d78-8e06-b0e71e4e8355',88),(_binary '','2024-05-18 03:00:18.231017','D002','82631bcf-8e8f-4aef-a4b4-35b765d8ae81',70),(_binary '\0','2024-05-18 18:13:21.726968','D002','8c410bd8-0c24-4fb5-8f03-51ba3121559c',80),(_binary '','2024-05-17 20:21:52.074188','D002','976c6f30-c045-4dbf-82e3-0d08f235a08f',63),(_binary '','2024-05-18 03:01:44.813661','D002','a0aea777-11ee-4ed6-9138-84e9c51f95e6',75),(_binary '','2024-05-18 13:58:53.446728','D002','a65f8265-6522-48c5-a8c2-2fec7b20515e',72),(_binary '\0','2024-05-18 02:26:12.211003','D002','a7d7f505-ace9-4fbb-bc5f-d8055e81a6f9',132),(_binary '\0','2024-05-18 02:34:27.520067','D002','a9fc76ba-5712-44ff-a3b6-576a49a2ad02',95),(_binary '\0','2024-05-18 21:32:09.441052','D002','aea70ede-f910-4bde-ac5a-cb55d6fd14c8',81),(_binary '\0','2024-05-18 21:34:02.439670','D002','b05308eb-2cce-4215-9fa2-54b3c220a0de',74),(_binary '','2024-05-18 02:50:18.691272','D002','b54d806f-4d0e-4b50-b46e-5048e977b340',107),(_binary '\0','2024-05-18 02:36:14.367292','D002','ce06225a-ecbb-4023-a28d-77369bdd8257',101),(_binary '\0','2024-05-18 02:23:27.450439','D002','ce2d1c2c-00c0-4688-99b0-be6f8dd5bb9f',114),(_binary '\0','2024-05-19 16:36:25.727217','D002','d01681f5-4c8d-41f3-b430-9aae542836bf',79),(_binary '\0','2024-05-18 21:37:00.633091','D002','d794d6a9-8b1e-43b4-b53e-a55fcf97c3e2',83),(_binary '','2024-05-18 21:47:17.796129','D002','dc962db5-1913-4d49-a255-d61df8db1854',41),(_binary '\0','2024-05-18 02:12:43.261870','D002','df55ab8e-5350-43c1-b0ca-3e0799160c4f',165),(_binary '','2024-05-18 23:33:39.013828','D002','e24de274-6572-4750-93e0-fe93d8d57a16',63),(_binary '\0','2024-05-18 23:08:56.912748','D002','eeef3a52-fee3-474c-9c09-0e0e1f6ee195',77),(_binary '\0','2024-05-17 20:17:21.510700','D002','f2b4d670-2793-4060-bfdb-979058b638ee',85),(_binary '\0','2024-05-18 18:18:11.243759','D002','f63d2887-e61d-49d8-bfc2-9881262b850a',82),(_binary '\0','2024-05-18 11:29:25.437744','D002','f8afb0fb-0855-4ecd-b058-687344d525b0',81),(_binary '','2024-05-18 03:03:01.311234','D002','ff73fcf3-63f6-4072-b2ba-906ca4a39908',62),(_binary '','2024-05-17 20:37:42.286883','D003','02e2505d-c044-4cee-9430-8aa5f59c62af',124),(_binary '\0','2024-05-18 22:26:48.013800','D003','15936ecb-7973-44e3-bb2d-b6fbcb0a2763',125),(_binary '\0','2024-05-19 16:44:03.696511','D003','165d7d2c-1d75-425a-bbdd-2701aae56823',95),(_binary '\0','2024-05-18 21:57:26.979576','D003','20558fab-9e86-46d5-8a08-1693f9ef5070',97),(_binary '\0','2024-05-19 16:47:41.607343','D003','20b06f5d-68f5-4fd2-8c53-649a5a736b43',143),(_binary '\0','2024-05-19 03:46:03.705441','D003','26a207b0-c6fe-4905-a252-617e2db0702c',89),(_binary '\0','2024-05-19 03:14:47.357073','D003','26eb065d-0871-4e39-8a43-67b3c9261aa7',130),(_binary '','2024-05-18 23:22:48.052346','D003','2d37e7c4-1015-475a-8443-e5020c3aee5c',142),(_binary '\0','2024-05-18 21:40:03.724944','D003','2e7aa5b4-9191-49c3-9af3-7cef0cbf8e87',81),(_binary '\0','2024-05-18 13:49:16.428295','D003','2f6635eb-3bda-4834-99ee-ffa809f933e0',112),(_binary '','2024-05-17 20:35:12.200223','D003','32a8c1ab-90c0-45ed-8d30-596c9f25228d',122),(_binary '\0','2024-05-19 02:27:09.457861','D003','3afaeb10-81ea-419f-9303-d705f5451c0e',64),(_binary '\0','2024-05-17 23:59:15.577809','D003','3de46f52-9caa-44d6-b7ad-f654920496a8',126),(_binary '','2024-05-18 22:41:20.435917','D003','43f9a549-b895-4344-a152-ba7fb4960713',102),(_binary '\0','2024-05-18 21:59:59.009779','D003','467f1be9-99e3-4678-ac91-fef83048a653',93),(_binary '\0','2024-05-19 16:50:42.189909','D003','5187259a-781d-4abf-9f12-ebebd583712f',123),(_binary '\0','2024-05-18 21:53:01.539311','D003','5db9bf6e-5981-4d14-a38c-50ae83c96d74',100),(_binary '','2024-05-18 14:00:18.945392','D003','5e870064-ea57-4f83-aa6e-acfec9eb5582',119),(_binary '\0','2024-05-18 22:22:45.349906','D003','61b02d09-1bda-4ae3-86d1-b0fb1514d41c',79),(_binary '\0','2024-05-19 16:54:18.319804','D003','61cb747e-bde4-4670-accb-24b3c3668142',166),(_binary '\0','2024-05-18 22:21:11.220552','D003','64d7a52b-e05d-4690-9214-2a9ccb537193',87),(_binary '','2024-05-18 22:44:56.648047','D003','65ce56c1-8af7-49c5-b25a-c5781d35ed27',121),(_binary '\0','2024-05-18 22:02:24.248876','D003','69450391-a7b8-4f24-99d7-8dc779c457e7',118),(_binary '\0','2024-05-19 16:41:25.701500','D003','6a1aea0e-79ed-4c8d-bc7c-3ff4f6f2346d',81),(_binary '\0','2024-05-18 18:34:25.231317','D003','6f789137-2c27-46f3-bf4c-2a8023ea0069',83),(_binary '\0','2024-05-18 22:31:39.419128','D003','71b26817-6d29-4c38-803e-8a148b9fee64',86),(_binary '\0','2024-05-18 22:28:29.669386','D003','7a89b85b-6e81-4a41-ba10-accbeed41df6',128),(_binary '\0','2024-05-18 21:51:02.261629','D003','8391b7d2-1b26-456c-8fb9-e5013ee8d37f',106),(_binary '\0','2024-05-18 20:55:10.128877','D003','875323a0-4a9e-4d03-8522-5a2b26585fdb',123),(_binary '\0','2024-05-18 02:45:53.012372','D003','8e235ef6-d968-4c67-8a82-f628addd5b48',338),(_binary '\0','2024-05-18 18:32:37.071718','D003','938763e6-e3cf-447e-9d2b-9cef14668fe8',139),(_binary '','2024-05-18 22:49:25.119151','D003','96bbb0e5-4613-4a23-b025-97fa16278a4b',118),(_binary '\0','2024-05-19 16:38:05.810816','D003','998e8a0a-cc61-496e-9515-5eeb9a4cca81',86),(_binary '','2024-05-18 17:01:33.597217','D003','9bd318e4-dfc5-4d13-b46c-3cb5077d98fa',127),(_binary '\0','2024-05-18 18:28:15.940625','D003','9cbe556d-f1b0-45ae-8db1-032829fe3f6b',87),(_binary '','2024-05-18 23:29:19.967470','D003','a37ea0fe-e97b-4991-b910-16347670ac0d',122),(_binary '','2024-05-18 20:57:55.229062','D003','a960d163-5754-4b58-a43a-d1fbe00c0fb5',122),(_binary '\0','2024-05-18 22:24:26.359052','D003','ac9b1bc4-d9cd-4ae2-bf33-c85de09c18ee',90),(_binary '','2024-05-17 20:40:37.772269','D003','ade47a94-d954-4dad-88bf-30b0b30b3c8b',111),(_binary '','2024-05-18 22:55:21.605835','D003','b3133559-b668-4d75-98cc-8ee1a541ca2e',131),(_binary '\0','2024-05-18 20:41:38.407805','D003','b50d810d-a64e-4241-9191-cc42878e3ad6',49),(_binary '','2024-05-18 21:50:50.710726','D003','b5aa1c33-5fcf-47ab-b993-44b8af36935a',144),(_binary '','2024-05-18 15:12:15.579976','D003','b7be27be-b176-4226-92af-8a46b230acb9',115),(_binary '\0','2024-05-18 17:09:02.127532','D003','bd4e6e5e-3bd9-4681-959c-926c11080b21',129),(_binary '\0','2024-05-18 22:26:07.169831','D003','bf49ab41-0e17-4d0c-85d4-3116c1b33dd2',87),(_binary '\0','2024-05-18 21:45:35.781576','D003','cb3414f9-610f-4517-a2cb-f5e9b7d86033',75),(_binary '','2024-05-17 20:31:57.631080','D003','d6ec143f-2b1e-45da-908b-b2fa32bd9bc9',140),(_binary '\0','2024-05-19 03:11:59.021469','D003','d6fed41c-7532-4cdb-9377-2dcf795f1fe3',93),(_binary '\0','2024-05-18 18:26:03.160320','D003','dd3783bb-f4ca-4ce4-9792-4ea717c010ea',90),(_binary '\0','2024-05-18 18:30:11.718427','D003','e05b72ef-522d-4ed9-b923-9f0741435f87',84),(_binary '\0','2024-05-18 21:07:34.724931','D003','e5275b9d-26c6-4cf7-a129-550ba523aac1',207),(_binary '\0','2024-05-18 21:47:20.688281','D003','e9dbf184-080d-4848-bc6b-02c67fc840bb',89),(_binary '\0','2024-05-19 03:49:15.109484','D003','eb646b60-210a-4d43-b5e6-35d59ce8303f',123),(_binary '\0','2024-05-18 18:24:14.043927','D003','eed810db-db23-4ab3-9b43-e85c2537d747',117),(_binary '\0','2024-05-18 14:04:49.251223','D003','f25b3160-3770-488d-bb42-a93ad7dfb2b5',178),(_binary '\0','2024-05-18 21:49:03.965048','D003','f392ba40-ae6c-4840-bd59-67c46863d5aa',83),(_binary '\0','2024-05-18 14:10:00.664348','D003','f5cf6e30-c52d-4b2b-b4e3-20c0f176223f',118),(_binary '','2024-05-18 22:32:00.903918','D003','f6284f99-ee10-4a67-be5b-b9470172bba2',145),(_binary '\0','2024-05-18 19:18:13.941501','D003','f7dea093-4a28-41ca-9268-bd610f6629a3',118),(_binary '','2024-05-18 22:35:05.667155','D003','fce99be3-ed7c-4e1a-bf4b-a06fb540d366',119),(_binary '\0','2024-05-18 18:36:52.943385','D003','ff36a57a-63d0-4a78-82c4-2844e9f09c56',139);
/*!40000 ALTER TABLE `dungeon_log` ENABLE KEYS */;
UNLOCK TABLES;

--
-- Table structure for table `exp_log`
--

DROP TABLE IF EXISTS `exp_log`;
/*!40101 SET @saved_cs_client     = @@character_set_client */;
/*!50503 SET character_set_client = utf8mb4 */;
CREATE TABLE `exp_log` (
  `class_code` varchar(4) DEFAULT NULL,
  `current_level` int NOT NULL,
  `exp_delta` int NOT NULL,
  `created_at` datetime(6) NOT NULL,
  `exp_log_seq` bigint NOT NULL AUTO_INCREMENT,
  `exp_log_reason` varchar(16) NOT NULL,
  `player_id` varchar(16) DEFAULT NULL,
  PRIMARY KEY (`exp_log_seq`),
  KEY `FK7jw75k4816nx1umnbujt19jr7` (`class_code`),
  KEY `FK4d8gxefqx3e8m01ojf5i7q6ra` (`player_id`),
  CONSTRAINT `FK4d8gxefqx3e8m01ojf5i7q6ra` FOREIGN KEY (`player_id`) REFERENCES `player` (`player_id`),
  CONSTRAINT `FK7jw75k4816nx1umnbujt19jr7` FOREIGN KEY (`class_code`) REFERENCES `class` (`class_code`)
) ENGINE=InnoDB AUTO_INCREMENT=299 DEFAULT CHARSET=utf8mb4 COLLATE=utf8mb4_0900_ai_ci;
/*!40101 SET character_set_client = @saved_cs_client */;

--
-- Dumping data for table `exp_log`
--

LOCK TABLES `exp_log` WRITE;
/*!40000 ALTER TABLE `exp_log` DISABLE KEYS */;
INSERT INTO `exp_log` VALUES ('C001',1,60,'2024-05-17 19:57:47.185443',1,'별의 조각 평원던전에서 사망','qwer1'),('C003',1,60,'2024-05-17 20:06:18.472893',2,'별의 조각 평원던전에서 사망','asdf'),('C001',2,60,'2024-05-17 20:06:18.524680',3,'별의 조각 평원던전에서 사망','qwer1'),('C001',3,100,'2024-05-17 20:08:02.410089',4,'별의 조각 평원던전 클리어','qwer1'),('C003',2,100,'2024-05-17 20:08:02.522661',5,'별의 조각 평원던전 클리어','asdf'),('C003',3,100,'2024-05-17 20:11:18.226723',6,'별의 조각 평원던전 클리어','asdf'),('C001',4,100,'2024-05-17 20:11:18.308340',7,'별의 조각 평원던전 클리어','qwer1'),('C003',4,100,'2024-05-17 20:13:01.345704',8,'별의 조각 평원던전 클리어','asdf'),('C001',5,100,'2024-05-17 20:13:01.388291',9,'별의 조각 평원던전 클리어','qwer1'),('C003',5,100,'2024-05-17 20:14:56.529062',10,'별의 조각 평원던전 클리어','asdf'),('C001',6,100,'2024-05-17 20:14:56.592201',11,'별의 조각 평원던전 클리어','qwer1'),('C001',6,300,'2024-05-17 20:17:21.381394',12,'잊혀진 신전던전에서 사망','qwer1'),('C003',6,300,'2024-05-17 20:17:21.517056',13,'잊혀진 신전던전에서 사망','asdf'),('C001',6,100,'2024-05-17 20:19:06.525821',14,'별의 조각 평원던전 클리어','qwer1'),('C003',6,100,'2024-05-17 20:19:06.577714',15,'별의 조각 평원던전 클리어','asdf'),('C003',7,500,'2024-05-17 20:20:11.594936',16,'잊혀진 신전던전 클리어','asdf'),('C001',7,500,'2024-05-17 20:20:11.725146',17,'잊혀진 신전던전 클리어','qwer1'),('C003',8,500,'2024-05-17 20:21:52.122988',18,'잊혀진 신전던전 클리어','asdf'),('C001',8,500,'2024-05-17 20:21:52.239080',19,'잊혀진 신전던전 클리어','qwer1'),('C003',9,500,'2024-05-17 20:23:45.598724',20,'잊혀진 신전던전 클리어','asdf'),('C001',9,500,'2024-05-17 20:23:45.672112',21,'잊혀진 신전던전 클리어','qwer1'),('C001',10,500,'2024-05-17 20:25:11.523964',22,'잊혀진 신전던전 클리어','qwer1'),('C003',10,500,'2024-05-17 20:25:11.547574',23,'잊혀진 신전던전 클리어','asdf'),('C001',11,600,'2024-05-17 20:28:27.359228',24,'심연의 바다던전에서 사망','qwer1'),('C001',12,1000,'2024-05-17 20:31:57.644547',25,'심연의 바다던전 클리어','qwer1'),('C003',11,1000,'2024-05-17 20:31:57.752802',26,'심연의 바다던전 클리어','asdf'),('C001',13,1000,'2024-05-17 20:35:12.206874',27,'심연의 바다던전 클리어','qwer1'),('C003',12,1000,'2024-05-17 20:35:12.289511',28,'심연의 바다던전 클리어','asdf'),('C001',14,1000,'2024-05-17 20:37:42.293895',29,'심연의 바다던전 클리어','qwer1'),('C003',13,1000,'2024-05-17 20:37:42.690882',30,'심연의 바다던전 클리어','asdf'),('C001',15,1000,'2024-05-17 20:40:37.766691',31,'심연의 바다던전 클리어','qwer1'),('C003',14,1000,'2024-05-17 20:40:37.845008',32,'심연의 바다던전 클리어','asdf'),('C001',1,60,'2024-05-17 21:22:35.990200',33,'별의 조각 평원던전에서 사망','hslee0912'),('C001',25,400,'2024-05-17 23:42:15.799254',34,'심연의 바다던전 클리어','test'),('C001',25,400,'2024-05-17 23:44:55.610545',35,'심연의 바다던전 클리어','test'),('C001',25,500,'2024-05-17 23:47:12.901647',36,'심연의 바다던전 클리어','test'),('C001',25,500,'2024-05-17 23:50:09.130105',37,'심연의 바다던전 클리어','test'),('C001',25,500,'2024-05-17 23:55:51.992792',38,'심연의 바다던전 클리어','test'),('C001',25,600,'2024-05-17 23:59:15.577360',39,'심연의 바다던전에서 사망','test'),('C002',7,1000,'2024-05-18 00:21:59.528390',40,'심연의 바다던전 클리어','test0000'),('C001',2,60,'2024-05-18 00:54:16.909360',41,'별의 조각 평원던전에서 사망','hslee0912'),('C003',1,10,'2024-05-18 00:55:40.230000',42,'별의 조각 평원던전에서 사망','hslee0912'),('C001',2,60,'2024-05-18 00:58:13.538923',43,'별의 조각 평원던전에서 사망','hslee0912'),('C002',25,100,'2024-05-18 01:22:31.449180',44,'별의 조각 평원던전 클리어','test'),('C003',25,100,'2024-05-18 01:24:06.020311',45,'별의 조각 평원던전 클리어','test'),('C003',25,100,'2024-05-18 01:25:20.753377',46,'별의 조각 평원던전 클리어','test'),('C003',1,30,'2024-05-18 01:33:46.147233',47,'별의 조각 평원던전에서 사망','wjdtpwls32'),('C003',1,10,'2024-05-18 01:44:52.544285',48,'별의 조각 평원던전에서 사망','wjdtpwls32'),('C003',1,30,'2024-05-18 01:47:05.219253',49,'별의 조각 평원던전에서 사망','wjdtpwls32'),('C003',2,30,'2024-05-18 01:48:27.103655',50,'별의 조각 평원던전에서 사망','wjdtpwls32'),('C003',2,60,'2024-05-18 01:50:57.125351',51,'별의 조각 평원던전에서 사망','wjdtpwls32'),('C003',3,60,'2024-05-18 01:54:49.301884',52,'별의 조각 평원던전에서 사망','wjdtpwls32'),('C003',3,60,'2024-05-18 01:57:11.810115',53,'별의 조각 평원던전에서 사망','wjdtpwls32'),('C003',4,60,'2024-05-18 01:59:22.388827',54,'별의 조각 평원던전에서 사망','wjdtpwls32'),('C003',5,100,'2024-05-18 02:01:12.424344',55,'별의 조각 평원던전 클리어','wjdtpwls32'),('C003',6,60,'2024-05-18 02:03:18.674848',56,'별의 조각 평원던전에서 사망','wjdtpwls32'),('C003',6,100,'2024-05-18 02:05:10.107656',57,'별의 조각 평원던전 클리어','wjdtpwls32'),('C003',6,300,'2024-05-18 02:07:32.596631',58,'잊혀진 신전던전에서 사망','wjdtpwls32'),('C003',7,100,'2024-05-18 02:09:25.072281',59,'별의 조각 평원던전 클리어','wjdtpwls32'),('C003',7,300,'2024-05-18 02:12:43.257129',60,'잊혀진 신전던전에서 사망','wjdtpwls32'),('C003',7,100,'2024-05-18 02:14:16.929696',61,'별의 조각 평원던전 클리어','wjdtpwls32'),('C003',7,60,'2024-05-18 02:15:52.513248',62,'별의 조각 평원던전에서 사망','wjdtpwls32'),('C003',8,100,'2024-05-18 02:17:30.903555',63,'별의 조각 평원던전 클리어','wjdtpwls32'),('C003',8,100,'2024-05-18 02:19:10.079512',64,'별의 조각 평원던전 클리어','wjdtpwls32'),('C003',8,300,'2024-05-18 02:21:25.863218',65,'잊혀진 신전던전에서 사망','wjdtpwls32'),('C003',9,300,'2024-05-18 02:23:27.450623',66,'잊혀진 신전던전에서 사망','wjdtpwls32'),('C003',10,300,'2024-05-18 02:26:12.206475',67,'잊혀진 신전던전에서 사망','wjdtpwls32'),('C003',10,100,'2024-05-18 02:30:21.059547',68,'별의 조각 평원던전 클리어','wjdtpwls32'),('C003',11,500,'2024-05-18 02:32:23.799153',69,'잊혀진 신전던전 클리어','wjdtpwls32'),('C003',11,300,'2024-05-18 02:34:27.515772',70,'잊혀진 신전던전에서 사망','wjdtpwls32'),('C003',11,300,'2024-05-18 02:36:14.365220',71,'잊혀진 신전던전에서 사망','wjdtpwls32'),('C003',11,100,'2024-05-18 02:37:15.049016',72,'별의 조각 평원던전 클리어','wjdtpwls32'),('C003',12,500,'2024-05-18 02:39:19.679407',73,'잊혀진 신전던전 클리어','wjdtpwls32'),('C003',12,600,'2024-05-18 02:45:53.005627',74,'심연의 바다던전에서 사망','wjdtpwls32'),('C003',13,100,'2024-05-18 02:47:25.680761',75,'별의 조각 평원던전 클리어','wjdtpwls32'),('C003',13,500,'2024-05-18 02:50:18.699940',76,'잊혀진 신전던전 클리어','wjdtpwls32'),('C003',13,100,'2024-05-18 02:58:51.561416',77,'별의 조각 평원던전 클리어','wjdtpwls32'),('C003',14,500,'2024-05-18 03:00:18.224164',78,'잊혀진 신전던전 클리어','wjdtpwls32'),('C003',14,500,'2024-05-18 03:01:44.825065',79,'잊혀진 신전던전 클리어','wjdtpwls32'),('C003',15,500,'2024-05-18 03:03:01.427635',80,'잊혀진 신전던전 클리어','wjdtpwls32'),('C003',15,100,'2024-05-18 03:04:27.365266',81,'별의 조각 평원던전 클리어','wjdtpwls32'),('C003',25,60,'2024-05-18 03:04:36.980969',82,'별의 조각 평원던전에서 사망','test'),('C002',1,30,'2024-05-18 11:13:12.874073',83,'별의 조각 평원던전에서 사망','hslee0912'),('C001',3,60,'2024-05-18 11:15:21.997137',84,'별의 조각 평원던전에서 사망','hslee0912'),('C001',4,60,'2024-05-18 11:17:15.062136',85,'별의 조각 평원던전에서 사망','hslee0912'),('C001',4,60,'2024-05-18 11:19:12.534578',86,'별의 조각 평원던전에서 사망','hslee0912'),('C001',5,60,'2024-05-18 11:21:03.499863',87,'별의 조각 평원던전에서 사망','hslee0912'),('C001',5,60,'2024-05-18 11:23:01.365709',88,'별의 조각 평원던전에서 사망','hslee0912'),('C001',6,60,'2024-05-18 11:24:31.160029',89,'별의 조각 평원던전에서 사망','hslee0912'),('C001',6,60,'2024-05-18 11:26:16.420999',90,'별의 조각 평원던전에서 사망','hslee0912'),('C001',6,100,'2024-05-18 11:27:42.821207',91,'별의 조각 평원던전 클리어','hslee0912'),('C001',7,300,'2024-05-18 11:29:25.432224',92,'잊혀진 신전던전에서 사망','hslee0912'),('C001',25,100,'2024-05-18 13:27:15.817114',93,'심연의 바다던전에서 사망','test'),('C001',26,600,'2024-05-18 13:29:04.439411',94,'심연의 바다던전에서 사망','test'),('C003',25,100,'2024-05-18 13:32:08.369176',95,'심연의 바다던전에서 사망','test'),('C003',25,100,'2024-05-18 13:34:25.362197',96,'심연의 바다던전에서 사망','test'),('C003',25,100,'2024-05-18 13:37:19.277051',97,'심연의 바다던전에서 사망','test'),('C003',25,300,'2024-05-18 13:39:09.344438',98,'심연의 바다던전에서 사망','test'),('C001',26,300,'2024-05-18 13:44:38.677805',99,'심연의 바다던전에서 사망','test'),('C001',26,600,'2024-05-18 13:49:16.422541',100,'심연의 바다던전에서 사망','test'),('C003',15,100,'2024-05-18 13:57:32.435812',101,'별의 조각 평원던전 클리어','wjdtpwls32'),('C003',15,500,'2024-05-18 13:58:53.450284',102,'잊혀진 신전던전 클리어','wjdtpwls32'),('C001',26,700,'2024-05-18 14:00:18.953723',103,'심연의 바다던전 클리어','test'),('C001',26,1000,'2024-05-18 14:03:26.532896',104,'심연의 바다던전 클리어','test'),('C003',16,300,'2024-05-18 14:04:49.251568',105,'심연의 바다던전에서 사망','wjdtpwls32'),('C001',26,300,'2024-05-18 14:10:00.677012',106,'심연의 바다던전에서 사망','test'),('C001',27,700,'2024-05-18 14:12:40.661947',107,'심연의 바다던전 클리어','test'),('C001',27,100,'2024-05-18 14:17:06.693860',108,'별의 조각 평원던전 클리어','test'),('C001',27,100,'2024-05-18 14:18:55.826912',109,'별의 조각 평원던전 클리어','test'),('C001',27,100,'2024-05-18 14:21:23.996807',110,'별의 조각 평원던전 클리어','test'),('C001',27,100,'2024-05-18 14:22:30.784251',111,'별의 조각 평원던전 클리어','test'),('C001',27,100,'2024-05-18 14:25:26.853356',112,'별의 조각 평원던전 클리어','test'),('C001',27,100,'2024-05-18 14:26:28.427447',113,'별의 조각 평원던전 클리어','test'),('C001',27,100,'2024-05-18 14:37:25.487516',114,'별의 조각 평원던전 클리어','test'),('C001',27,100,'2024-05-18 14:42:35.430543',115,'별의 조각 평원던전 클리어','test'),('C001',27,100,'2024-05-18 14:46:17.320527',116,'별의 조각 평원던전 클리어','test'),('C001',27,700,'2024-05-18 14:50:36.916410',117,'심연의 바다던전 클리어','test'),('C001',27,700,'2024-05-18 14:53:21.617437',118,'심연의 바다던전 클리어','test'),('C001',27,600,'2024-05-18 15:07:28.353705',119,'심연의 바다던전에서 사망','test'),('C001',28,1000,'2024-05-18 15:12:15.583954',120,'심연의 바다던전 클리어','test'),('C001',1,60,'2024-05-18 16:46:13.471142',121,'별의 조각 평원던전에서 사망','wlgns3479'),('C003',16,100,'2024-05-18 16:50:53.201322',122,'별의 조각 평원던전 클리어','wjdtpwls32'),('C001',28,1000,'2024-05-18 17:01:33.620087',123,'심연의 바다던전 클리어','test'),('C001',16,600,'2024-05-18 17:09:02.125990',124,'심연의 바다던전에서 사망','qwer1'),('C002',1,60,'2024-05-18 17:28:01.980362',125,'별의 조각 평원던전에서 사망','ju0522'),('C001',1,60,'2024-05-18 17:28:02.126672',126,'별의 조각 평원던전에서 사망','hahaha'),('C001',1,60,'2024-05-18 17:33:00.220239',127,'별의 조각 평원던전에서 사망','kdhkdh'),('C001',2,60,'2024-05-18 17:35:09.388645',128,'별의 조각 평원던전에서 사망','kdhkdh'),('C001',28,100,'2024-05-18 17:35:59.460975',129,'별의 조각 평원던전 클리어','test'),('C001',28,100,'2024-05-18 17:37:54.209145',130,'별의 조각 평원던전 클리어','test'),('C001',2,60,'2024-05-18 17:38:00.461005',131,'별의 조각 평원던전에서 사망','kdhkdh'),('C001',3,100,'2024-05-18 17:40:04.076671',132,'별의 조각 평원던전 클리어','kdhkdh'),('C001',28,100,'2024-05-18 17:40:24.754842',133,'별의 조각 평원던전 클리어','test'),('C001',28,100,'2024-05-18 17:42:09.673924',134,'별의 조각 평원던전 클리어','test'),('C002',1,60,'2024-05-18 17:43:10.565788',135,'별의 조각 평원던전에서 사망','kdhkdh'),('C002',2,60,'2024-05-18 17:45:06.136007',136,'별의 조각 평원던전에서 사망','kdhkdh'),('C001',1,60,'2024-05-18 17:46:54.994685',137,'별의 조각 평원던전에서 사망','qqqq'),('C002',2,60,'2024-05-18 17:49:33.656988',138,'별의 조각 평원던전에서 사망','kdhkdh'),('C002',3,60,'2024-05-18 17:51:18.590198',139,'별의 조각 평원던전에서 사망','kdhkdh'),('C002',4,60,'2024-05-18 17:53:15.063123',140,'별의 조각 평원던전에서 사망','kdhkdh'),('C002',4,60,'2024-05-18 17:54:50.705261',141,'별의 조각 평원던전에서 사망','kdhkdh'),('C002',5,60,'2024-05-18 17:56:23.640870',142,'별의 조각 평원던전에서 사망','kdhkdh'),('C002',6,100,'2024-05-18 17:57:58.659389',143,'별의 조각 평원던전 클리어','kdhkdh'),('C003',1,10,'2024-05-18 17:59:30.474288',144,'별의 조각 평원던전에서 사망','kdhkdh'),('C003',1,30,'2024-05-18 18:00:35.670720',145,'별의 조각 평원던전에서 사망','kdhkdh'),('C003',1,10,'2024-05-18 18:01:45.674675',146,'별의 조각 평원던전에서 사망','kdhkdh'),('C003',1,30,'2024-05-18 18:02:50.021051',147,'별의 조각 평원던전에서 사망','kdhkdh'),('C003',2,30,'2024-05-18 18:04:01.664624',148,'별의 조각 평원던전에서 사망','kdhkdh'),('C001',7,100,'2024-05-18 18:06:09.958744',149,'별의 조각 평원던전 클리어','hslee0912'),('C003',2,60,'2024-05-18 18:06:10.154750',150,'별의 조각 평원던전에서 사망','kdhkdh'),('C003',3,60,'2024-05-18 18:08:35.636958',151,'별의 조각 평원던전에서 사망','kdhkdh'),('C003',3,60,'2024-05-18 18:10:44.678142',152,'별의 조각 평원던전에서 사망','kdhkdh'),('C003',4,60,'2024-05-18 18:12:45.482317',153,'별의 조각 평원던전에서 사망','kdhkdh'),('C001',7,300,'2024-05-18 18:13:21.734478',154,'잊혀진 신전던전에서 사망','hslee0912'),('C003',5,100,'2024-05-18 18:14:46.371633',155,'별의 조각 평원던전 클리어','kdhkdh'),('C001',6,300,'2024-05-18 18:18:11.239836',156,'잊혀진 신전던전에서 사망','kdhkdh'),('C001',6,300,'2024-05-18 18:20:02.420673',157,'잊혀진 신전던전에서 사망','kdhkdh'),('C001',7,500,'2024-05-18 18:21:33.981361',158,'잊혀진 신전던전 클리어','kdhkdh'),('C001',8,600,'2024-05-18 18:24:14.036439',159,'심연의 바다던전에서 사망','kdhkdh'),('C001',10,600,'2024-05-18 18:26:03.156208',160,'심연의 바다던전에서 사망','kdhkdh'),('C001',11,600,'2024-05-18 18:28:15.956976',161,'심연의 바다던전에서 사망','kdhkdh'),('C001',16,100,'2024-05-18 18:30:05.874219',162,'별의 조각 평원던전 클리어','qwer1'),('C001',11,600,'2024-05-18 18:30:11.734969',163,'심연의 바다던전에서 사망','kdhkdh'),('C001',12,600,'2024-05-18 18:32:37.087660',164,'심연의 바다던전에서 사망','kdhkdh'),('C001',12,600,'2024-05-18 18:34:25.248254',165,'심연의 바다던전에서 사망','kdhkdh'),('C001',13,600,'2024-05-18 18:36:52.961280',166,'심연의 바다던전에서 사망','kdhkdh'),('C001',1,60,'2024-05-18 18:43:44.941488',167,'별의 조각 평원던전에서 사망','wjdtpwls32'),('C001',2,60,'2024-05-18 18:46:27.880492',168,'별의 조각 평원던전에서 사망','wjdtpwls32'),('C002',25,300,'2024-05-18 19:10:48.961722',169,'잊혀진 신전던전에서 사망','test'),('C001',2,60,'2024-05-18 19:11:08.650064',170,'별의 조각 평원던전에서 사망','wjdtpwls32'),('C001',3,60,'2024-05-18 19:14:17.052353',171,'별의 조각 평원던전에서 사망','wjdtpwls32'),('C003',25,100,'2024-05-18 19:15:50.566858',172,'별의 조각 평원던전 클리어','test'),('C001',4,100,'2024-05-18 19:17:13.824249',173,'별의 조각 평원던전 클리어','wjdtpwls32'),('C003',25,600,'2024-05-18 19:18:13.955884',174,'심연의 바다던전에서 사망','test'),('C001',5,100,'2024-05-18 19:22:34.692151',175,'별의 조각 평원던전 클리어','wjdtpwls32'),('C001',6,100,'2024-05-18 19:33:43.588340',176,'별의 조각 평원던전 클리어','wjdtpwls32'),('C001',1,60,'2024-05-18 19:39:26.132185',177,'별의 조각 평원던전에서 사망','peng'),('C001',2,60,'2024-05-18 19:41:51.149881',178,'별의 조각 평원던전에서 사망','peng'),('C001',2,60,'2024-05-18 19:43:52.207806',179,'별의 조각 평원던전에서 사망','peng'),('C001',3,100,'2024-05-18 19:46:27.511966',180,'별의 조각 평원던전 클리어','peng'),('C001',4,100,'2024-05-18 19:48:14.091417',181,'별의 조각 평원던전 클리어','peng'),('C001',5,100,'2024-05-18 19:50:29.285639',182,'별의 조각 평원던전 클리어','peng'),('C002',1,60,'2024-05-18 19:50:59.131853',183,'별의 조각 평원던전에서 사망','wjdtpwls32'),('C001',6,100,'2024-05-18 19:52:22.644043',184,'별의 조각 평원던전 클리어','peng'),('C001',6,100,'2024-05-18 19:53:48.034478',185,'별의 조각 평원던전 클리어','peng'),('C001',6,100,'2024-05-18 19:54:59.002545',186,'별의 조각 평원던전 클리어','peng'),('C002',2,60,'2024-05-18 19:55:17.033316',187,'별의 조각 평원던전에서 사망','wjdtpwls32'),('C002',2,60,'2024-05-18 19:58:06.034871',188,'별의 조각 평원던전에서 사망','wjdtpwls32'),('C002',3,60,'2024-05-18 20:01:44.419943',189,'별의 조각 평원던전에서 사망','wjdtpwls32'),('C002',4,60,'2024-05-18 20:09:27.045240',190,'별의 조각 평원던전에서 사망','wjdtpwls32'),('C002',4,60,'2024-05-18 20:23:06.542502',191,'별의 조각 평원던전에서 사망','wjdtpwls32'),('C002',5,60,'2024-05-18 20:26:20.248479',192,'별의 조각 평원던전에서 사망','wjdtpwls32'),('C002',6,300,'2024-05-18 20:38:29.796916',193,'잊혀진 신전던전에서 사망','wjdtpwls32'),('C001',28,600,'2024-05-18 20:55:10.133819',194,'심연의 바다던전에서 사망','test'),('C001',28,1000,'2024-05-18 20:57:55.226280',195,'심연의 바다던전 클리어','test'),('C003',16,100,'2024-05-18 21:03:48.713250',196,'별의 조각 평원던전 클리어','wjdtpwls32'),('C003',16,600,'2024-05-18 21:07:34.743883',197,'심연의 바다던전에서 사망','wjdtpwls32'),('C001',7,60,'2024-05-18 21:13:39.923578',198,'별의 조각 평원던전에서 사망','hslee0912'),('C001',8,60,'2024-05-18 21:16:16.427576',199,'별의 조각 평원던전에서 사망','hslee0912'),('C001',1,60,'2024-05-18 21:17:14.909744',200,'별의 조각 평원던전에서 사망','test0000'),('C001',8,100,'2024-05-18 21:18:33.104259',201,'별의 조각 평원던전 클리어','hslee0912'),('C001',8,300,'2024-05-18 21:20:02.933169',202,'잊혀진 신전던전에서 사망','hslee0912'),('C001',9,300,'2024-05-18 21:21:44.923077',203,'잊혀진 신전던전에서 사망','hslee0912'),('C001',20,100,'2024-05-18 21:23:10.433940',204,'별의 조각 평원던전 클리어','test0000'),('C001',10,300,'2024-05-18 21:23:55.324674',205,'잊혀진 신전던전에서 사망','hslee0912'),('C001',10,100,'2024-05-18 21:25:09.274676',206,'별의 조각 평원던전 클리어','hslee0912'),('C001',10,300,'2024-05-18 21:26:33.817513',207,'잊혀진 신전던전에서 사망','hslee0912'),('C001',11,100,'2024-05-18 21:27:52.983453',208,'별의 조각 평원던전 클리어','hslee0912'),('C001',11,300,'2024-05-18 21:29:39.397163',209,'잊혀진 신전던전에서 사망','hslee0912'),('C001',11,100,'2024-05-18 21:30:38.317383',210,'별의 조각 평원던전 클리어','hslee0912'),('C001',11,300,'2024-05-18 21:32:09.444615',211,'잊혀진 신전던전에서 사망','hslee0912'),('C001',12,300,'2024-05-18 21:34:02.462520',212,'잊혀진 신전던전에서 사망','hslee0912'),('C001',12,100,'2024-05-18 21:35:16.136401',213,'별의 조각 평원던전 클리어','hslee0912'),('C001',12,300,'2024-05-18 21:37:00.635817',214,'잊혀진 신전던전에서 사망','hslee0912'),('C001',12,300,'2024-05-18 21:38:27.170648',215,'잊혀진 신전던전에서 사망','hslee0912'),('C001',20,0,'2024-05-18 21:37:00.635817',216,'테스트용','test9999'),('C002',20,0,'2024-05-18 21:37:00.635817',217,'테스트용','test9999'),('C003',20,0,'2024-05-18 21:37:00.635817',218,'테스트용','test9999'),('C001',13,600,'2024-05-18 21:40:03.723688',219,'심연의 바다던전에서 사망','hslee0912'),('C002',20,500,'2024-05-18 21:42:55.443428',220,'잊혀진 신전던전 클리어','test0000'),('C001',6,500,'2024-05-18 21:42:55.488478',221,'잊혀진 신전던전 클리어','test9999'),('C001',13,500,'2024-05-18 21:43:59.834422',222,'잊혀진 신전던전 클리어','hslee0912'),('C001',6,100,'2024-05-18 21:44:19.612997',223,'별의 조각 평원던전 클리어','test9999'),('C002',20,100,'2024-05-18 21:44:19.624318',224,'별의 조각 평원던전 클리어','test0000'),('C001',14,600,'2024-05-18 21:45:35.786037',225,'심연의 바다던전에서 사망','hslee0912'),('C002',21,500,'2024-05-18 21:47:17.811483',226,'잊혀진 신전던전 클리어','test0000'),('C003',20,500,'2024-05-18 21:47:17.884905',227,'잊혀진 신전던전 클리어','test9999'),('C001',15,600,'2024-05-18 21:47:20.685844',228,'심연의 바다던전에서 사망','hslee0912'),('C001',15,600,'2024-05-18 21:49:04.014241',229,'심연의 바다던전에서 사망','hslee0912'),('C001',21,1000,'2024-05-18 21:50:50.724529',230,'심연의 바다던전 클리어','test0000'),('C003',21,1000,'2024-05-18 21:50:50.768657',231,'심연의 바다던전 클리어','test9999'),('C001',16,600,'2024-05-18 21:51:02.264334',232,'심연의 바다던전에서 사망','hslee0912'),('C001',16,600,'2024-05-18 21:53:01.492267',233,'심연의 바다던전에서 사망','hslee0912'),('C001',17,600,'2024-05-18 21:57:26.997305',234,'심연의 바다던전에서 사망','hslee0912'),('C001',18,600,'2024-05-18 21:59:59.013883',235,'심연의 바다던전에서 사망','hslee0912'),('C001',18,600,'2024-05-18 22:02:24.253753',236,'심연의 바다던전에서 사망','hslee0912'),('C002',21,100,'2024-05-18 22:08:02.977249',237,'별의 조각 평원던전 클리어','test0000'),('C002',1,60,'2024-05-18 22:10:03.629224',238,'별의 조각 평원던전에서 사망','qwer1'),('C001',19,600,'2024-05-18 22:21:11.223939',239,'심연의 바다던전에서 사망','hslee0912'),('C001',19,600,'2024-05-18 22:22:45.354744',240,'심연의 바다던전에서 사망','hslee0912'),('C001',20,600,'2024-05-18 22:24:26.363498',241,'심연의 바다던전에서 사망','hslee0912'),('C001',21,600,'2024-05-18 22:26:07.192554',242,'심연의 바다던전에서 사망','hslee0912'),('C001',29,600,'2024-05-18 22:26:48.011762',243,'심연의 바다던전에서 사망','test'),('C001',21,600,'2024-05-18 22:28:29.662946',244,'심연의 바다던전에서 사망','hslee0912'),('C001',21,600,'2024-05-18 22:31:39.421919',245,'심연의 바다던전에서 사망','hslee0912'),('C001',29,1000,'2024-05-18 22:32:00.916000',246,'심연의 바다던전 클리어','test'),('C002',21,1000,'2024-05-18 22:32:01.010181',247,'심연의 바다던전 클리어','test0000'),('C003',21,1000,'2024-05-18 22:32:01.012857',248,'심연의 바다던전 클리어','test9999'),('C001',29,1000,'2024-05-18 22:35:05.678615',249,'심연의 바다던전 클리어','test'),('C003',21,1000,'2024-05-18 22:35:05.709268',250,'심연의 바다던전 클리어','test9999'),('C002',21,1000,'2024-05-18 22:35:05.723176',251,'심연의 바다던전 클리어','test0000'),('C001',21,1000,'2024-05-18 22:41:20.448709',252,'심연의 바다던전 클리어','test'),('C003',22,1000,'2024-05-18 22:41:20.507433',253,'심연의 바다던전 클리어','test9999'),('C002',22,1000,'2024-05-18 22:41:20.510450',254,'심연의 바다던전 클리어','test0000'),('C001',21,1000,'2024-05-18 22:44:56.664085',255,'심연의 바다던전 클리어','test'),('C002',22,1000,'2024-05-18 22:44:56.756090',256,'심연의 바다던전 클리어','test0000'),('C003',22,1000,'2024-05-18 22:44:56.817746',257,'심연의 바다던전 클리어','test9999'),('C001',21,1000,'2024-05-18 22:49:25.151443',258,'심연의 바다던전 클리어','test'),('C002',22,1000,'2024-05-18 22:49:25.225635',259,'심연의 바다던전 클리어','test0000'),('C003',22,1000,'2024-05-18 22:49:25.228269',260,'심연의 바다던전 클리어','test9999'),('C001',16,1000,'2024-05-18 22:55:21.621330',261,'심연의 바다던전 클리어','test'),('C002',16,1000,'2024-05-18 22:55:21.695602',262,'심연의 바다던전 클리어','test0000'),('C003',16,1000,'2024-05-18 22:55:21.730239',263,'심연의 바다던전 클리어','test9999'),('C001',13,100,'2024-05-18 23:00:34.549587',264,'별의 조각 평원던전 클리어','kdhkdh'),('C001',13,300,'2024-05-18 23:08:56.909015',265,'잊혀진 신전던전에서 사망','kdhkdh'),('C001',14,100,'2024-05-18 23:10:02.937885',266,'별의 조각 평원던전 클리어','kdhkdh'),('C001',17,1000,'2024-05-18 23:22:48.064442',267,'심연의 바다던전 클리어','test'),('C002',17,1000,'2024-05-18 23:22:48.131424',268,'심연의 바다던전 클리어','test0000'),('C003',17,1000,'2024-05-18 23:22:48.158657',269,'심연의 바다던전 클리어','test9999'),('C001',18,1000,'2024-05-18 23:29:19.984530',270,'심연의 바다던전 클리어','test'),('C002',18,1000,'2024-05-18 23:29:20.115144',271,'심연의 바다던전 클리어','test0000'),('C003',18,1000,'2024-05-18 23:29:20.146462',272,'심연의 바다던전 클리어','test9999'),('C001',18,100,'2024-05-18 23:31:04.009187',273,'별의 조각 평원던전 클리어','test'),('C001',18,100,'2024-05-18 23:31:59.171881',274,'별의 조각 평원던전 클리어','test'),('C002',18,300,'2024-05-18 23:32:00.950920',275,'잊혀진 신전던전에서 사망','test0000'),('C001',18,100,'2024-05-18 23:32:53.692064',276,'별의 조각 평원던전 클리어','test'),('C002',18,500,'2024-05-18 23:33:39.078892',277,'잊혀진 신전던전 클리어','test0000'),('C003',1,10,'2024-05-18 23:49:16.525637',278,'별의 조각 평원던전에서 사망','inpofes1'),('C001',18,100,'2024-05-19 02:27:09.408000',279,'심연의 바다던전에서 사망','test'),('C001',21,600,'2024-05-19 03:11:59.026026',280,'심연의 바다던전에서 사망','hslee0912'),('C001',21,600,'2024-05-19 03:14:47.363774',281,'심연의 바다던전에서 사망','hslee0912'),('C001',21,600,'2024-05-19 03:46:03.708981',282,'심연의 바다던전에서 사망','hslee0912'),('C001',22,100,'2024-05-19 03:46:57.060664',283,'별의 조각 평원던전 클리어','hslee0912'),('C001',22,600,'2024-05-19 03:49:15.114783',284,'심연의 바다던전에서 사망','hslee0912'),('C002',1,60,'2024-05-19 10:59:54.482823',285,'별의 조각 평원던전에서 사망','jjaacom'),('C002',2,60,'2024-05-19 11:01:51.214194',286,'별의 조각 평원던전에서 사망','jjaacom'),('C001',1,60,'2024-05-19 16:27:53.381873',287,'별의 조각 평원던전에서 사망','coach1'),('C001',2,60,'2024-05-19 16:29:56.081295',288,'별의 조각 평원던전에서 사망','coach1'),('C001',18,100,'2024-05-19 16:32:52.584656',289,'별의 조각 평원던전 클리어','test'),('C001',18,300,'2024-05-19 16:36:25.749277',290,'잊혀진 신전던전에서 사망','test'),('C001',18,100,'2024-05-19 16:37:57.538398',291,'별의 조각 평원던전 클리어','test'),('C001',19,600,'2024-05-19 16:38:05.806213',292,'심연의 바다던전에서 사망','test'),('C001',19,500,'2024-05-19 16:39:43.598811',293,'잊혀진 신전던전 클리어','test'),('C001',19,600,'2024-05-19 16:41:25.725776',294,'심연의 바다던전에서 사망','test'),('C001',20,600,'2024-05-19 16:44:03.681046',295,'심연의 바다던전에서 사망','test'),('C001',20,600,'2024-05-19 16:47:41.598476',296,'심연의 바다던전에서 사망','test'),('C001',21,600,'2024-05-19 16:50:42.178910',297,'심연의 바다던전에서 사망','test'),('C001',21,600,'2024-05-19 16:54:18.348898',298,'심연의 바다던전에서 사망','test');
/*!40000 ALTER TABLE `exp_log` ENABLE KEYS */;
UNLOCK TABLES;

--
-- Table structure for table `gold_log`
--

DROP TABLE IF EXISTS `gold_log`;
/*!40101 SET @saved_cs_client     = @@character_set_client */;
/*!50503 SET character_set_client = utf8mb4 */;
CREATE TABLE `gold_log` (
  `gold_delta` int NOT NULL,
  `created_at` datetime(6) NOT NULL,
  `gold_log_seq` bigint NOT NULL AUTO_INCREMENT,
  `gold_log_reason` varchar(16) NOT NULL,
  `player_id` varchar(16) NOT NULL,
  PRIMARY KEY (`gold_log_seq`),
  KEY `FK22whibrww1rvl6ot7uora4tup` (`player_id`),
  CONSTRAINT `FK22whibrww1rvl6ot7uora4tup` FOREIGN KEY (`player_id`) REFERENCES `player` (`player_id`)
) ENGINE=InnoDB DEFAULT CHARSET=utf8mb4 COLLATE=utf8mb4_0900_ai_ci;
/*!40101 SET character_set_client = @saved_cs_client */;

--
-- Dumping data for table `gold_log`
--

LOCK TABLES `gold_log` WRITE;
/*!40000 ALTER TABLE `gold_log` DISABLE KEYS */;
/*!40000 ALTER TABLE `gold_log` ENABLE KEYS */;
UNLOCK TABLES;

--
-- Table structure for table `learned_skill`
--

DROP TABLE IF EXISTS `learned_skill`;
/*!40101 SET @saved_cs_client     = @@character_set_client */;
/*!50503 SET character_set_client = utf8mb4 */;
CREATE TABLE `learned_skill` (
  `active` tinyint(1) DEFAULT '1',
  `skill_slot` int NOT NULL,
  `class_code` varchar(255) NOT NULL,
  `player_id` varchar(255) NOT NULL,
  `skill_code` varchar(255) NOT NULL,
  PRIMARY KEY (`class_code`,`player_id`,`skill_code`),
  KEY `FK1e5a1hvqlbclr7uqgkbgf7n7a` (`player_id`),
  KEY `FKr5xkrtuxdltrwdoo1n6bmdaot` (`skill_code`),
  CONSTRAINT `FK1e5a1hvqlbclr7uqgkbgf7n7a` FOREIGN KEY (`player_id`) REFERENCES `player` (`player_id`),
  CONSTRAINT `FKbad1qwah64i1elb95n470fyv6` FOREIGN KEY (`class_code`) REFERENCES `class` (`class_code`),
  CONSTRAINT `FKr5xkrtuxdltrwdoo1n6bmdaot` FOREIGN KEY (`skill_code`) REFERENCES `skill` (`skill_code`)
) ENGINE=InnoDB DEFAULT CHARSET=utf8mb4 COLLATE=utf8mb4_0900_ai_ci;
/*!40101 SET character_set_client = @saved_cs_client */;

--
-- Dumping data for table `learned_skill`
--

LOCK TABLES `learned_skill` WRITE;
/*!40000 ALTER TABLE `learned_skill` DISABLE KEYS */;
INSERT INTO `learned_skill` VALUES (1,0,'C001','asdf','W204'),(1,1,'C001','asdf','W302'),(1,2,'C001','asdf','W306'),(1,3,'C001','asdf','W309'),(1,0,'C001','coach1','W204'),(1,1,'C001','coach1','W302'),(1,2,'C001','coach1','W306'),(1,3,'C001','coach1','W309'),(1,0,'C001','hahaha','W204'),(1,1,'C001','hahaha','W302'),(1,2,'C001','hahaha','W306'),(1,3,'C001','hahaha','W309'),(1,3,'C001','hslee0912','W102'),(0,4,'C001','hslee0912','W103'),(1,7,'C001','hslee0912','W104'),(1,2,'C001','hslee0912','W105'),(1,0,'C001','hslee0912','W204'),(0,4,'C001','hslee0912','W301'),(0,7,'C001','hslee0912','W302'),(1,1,'C001','hslee0912','W303'),(1,4,'C001','hslee0912','W305'),(0,2,'C001','hslee0912','W306'),(0,1,'C001','hslee0912','W307'),(0,4,'C001','hslee0912','W308'),(0,6,'C001','hslee0912','W309'),(1,5,'C001','hslee0912','W310'),(1,6,'C001','hslee0912','W401'),(0,6,'C001','hslee0912','W402'),(1,0,'C001','hspear','W204'),(1,1,'C001','hspear','W302'),(1,2,'C001','hspear','W306'),(1,3,'C001','hspear','W309'),(1,0,'C001','inpofes1','W204'),(1,1,'C001','inpofes1','W302'),(1,2,'C001','inpofes1','W306'),(1,3,'C001','inpofes1','W309'),(1,0,'C001','jjaacom','W204'),(1,1,'C001','jjaacom','W302'),(1,2,'C001','jjaacom','W306'),(1,3,'C001','jjaacom','W309'),(1,0,'C001','ju0522','W204'),(1,1,'C001','ju0522','W302'),(1,2,'C001','ju0522','W306'),(1,3,'C001','ju0522','W309'),(1,6,'C001','kdhkdh','W102'),(1,7,'C001','kdhkdh','W103'),(0,1,'C001','kdhkdh','W104'),(1,0,'C001','kdhkdh','W105'),(0,0,'C001','kdhkdh','W204'),(1,4,'C001','kdhkdh','W301'),(0,0,'C001','kdhkdh','W302'),(1,5,'C001','kdhkdh','W303'),(1,1,'C001','kdhkdh','W306'),(1,2,'C001','kdhkdh','W307'),(0,5,'C001','kdhkdh','W308'),(0,3,'C001','kdhkdh','W309'),(1,3,'C001','kdhkdh','W310'),(0,2,'C001','kdhkdh','W401'),(0,1,'C001','kdhkdh','W402'),(1,0,'C001','peng','W204'),(1,4,'C001','peng','W301'),(1,1,'C001','peng','W302'),(1,2,'C001','peng','W306'),(1,7,'C001','peng','W307'),(0,7,'C001','peng','W308'),(1,3,'C001','peng','W309'),(1,5,'C001','peng','W401'),(1,6,'C001','peng','W402'),(1,0,'C001','qqq2','W204'),(1,1,'C001','qqq2','W302'),(1,2,'C001','qqq2','W306'),(1,3,'C001','qqq2','W309'),(1,0,'C001','qqqq','W204'),(1,1,'C001','qqqq','W302'),(1,2,'C001','qqqq','W306'),(1,3,'C001','qqqq','W309'),(1,7,'C001','qwer1','W102'),(1,6,'C001','qwer1','W103'),(0,2,'C001','qwer1','W104'),(0,5,'C001','qwer1','W105'),(0,7,'C001','qwer1','W204'),(1,4,'C001','qwer1','W301'),(1,3,'C001','qwer1','W302'),(1,5,'C001','qwer1','W303'),(1,0,'C001','qwer1','W306'),(1,1,'C001','qwer1','W307'),(0,5,'C001','qwer1','W309'),(1,2,'C001','qwer1','W310'),(0,6,'C001','qwer1','W401'),(0,6,'C001','qwer1','W402'),(1,0,'C001','SSAFY123','W204'),(1,1,'C001','SSAFY123','W302'),(1,2,'C001','SSAFY123','W306'),(1,3,'C001','SSAFY123','W309'),(1,6,'C001','test','W102'),(0,1,'C001','test','W103'),(0,7,'C001','test','W104'),(1,5,'C001','test','W105'),(0,2,'C001','test','W204'),(1,0,'C001','test','W301'),(1,1,'C001','test','W302'),(1,3,'C001','test','W303'),(1,4,'C001','test','W305'),(0,1,'C001','test','W306'),(1,2,'C001','test','W307'),(0,3,'C001','test','W309'),(1,7,'C001','test','W310'),(0,3,'C001','test','W401'),(0,2,'C001','test','W402'),(1,1,'C001','test0000','W104'),(1,3,'C001','test0000','W105'),(0,0,'C001','test0000','W204'),(1,4,'C001','test0000','W301'),(1,0,'C001','test0000','W302'),(0,6,'C001','test0000','W303'),(0,7,'C001','test0000','W305'),(0,1,'C001','test0000','W306'),(0,2,'C001','test0000','W307'),(1,5,'C001','test0000','W309'),(1,2,'C001','test0000','W310'),(1,7,'C001','test0000','W401'),(1,6,'C001','test0000','W402'),(1,0,'C001','test0001','W204'),(1,1,'C001','test0001','W302'),(1,2,'C001','test0001','W306'),(1,3,'C001','test0001','W309'),(1,0,'C001','test9999','W204'),(1,5,'C001','test9999','W301'),(1,1,'C001','test9999','W302'),(1,2,'C001','test9999','W306'),(1,6,'C001','test9999','W307'),(1,4,'C001','test9999','W309'),(1,3,'C001','test9999','W401'),(1,7,'C001','test9999','W402'),(1,0,'C001','Thingseong','W204'),(1,1,'C001','Thingseong','W302'),(1,2,'C001','Thingseong','W306'),(1,3,'C001','Thingseong','W309'),(1,0,'C001','wjdtpwls32','W204'),(1,5,'C001','wjdtpwls32','W301'),(1,1,'C001','wjdtpwls32','W302'),(1,2,'C001','wjdtpwls32','W306'),(1,6,'C001','wjdtpwls32','W307'),(1,4,'C001','wjdtpwls32','W309'),(1,3,'C001','wjdtpwls32','W401'),(1,7,'C001','wjdtpwls32','W402'),(1,0,'C001','wlgns3479','W204'),(1,1,'C001','wlgns3479','W302'),(1,2,'C001','wlgns3479','W306'),(1,3,'C001','wlgns3479','W309'),(1,0,'C002','asdf','A301'),(1,1,'C002','asdf','A303'),(1,2,'C002','asdf','A304'),(1,3,'C002','asdf','A305'),(1,0,'C002','coach1','A301'),(1,1,'C002','coach1','A303'),(1,2,'C002','coach1','A304'),(1,3,'C002','coach1','A305'),(1,0,'C002','hahaha','A301'),(1,1,'C002','hahaha','A303'),(1,2,'C002','hahaha','A304'),(1,3,'C002','hahaha','A305'),(1,0,'C002','hslee0912','A301'),(1,1,'C002','hslee0912','A303'),(1,2,'C002','hslee0912','A304'),(1,3,'C002','hslee0912','A305'),(1,0,'C002','hspear','A301'),(1,1,'C002','hspear','A303'),(1,2,'C002','hspear','A304'),(1,3,'C002','hspear','A305'),(1,0,'C002','inpofes1','A301'),(1,1,'C002','inpofes1','A303'),(1,2,'C002','inpofes1','A304'),(1,3,'C002','inpofes1','A305'),(1,0,'C002','jjaacom','A301'),(1,4,'C002','jjaacom','A302'),(1,1,'C002','jjaacom','A303'),(1,2,'C002','jjaacom','A304'),(1,3,'C002','jjaacom','A305'),(1,0,'C002','ju0522','A301'),(1,1,'C002','ju0522','A303'),(1,2,'C002','ju0522','A304'),(1,3,'C002','ju0522','A305'),(1,2,'C002','kdhkdh','A101'),(1,5,'C002','kdhkdh','A202'),(1,6,'C002','kdhkdh','A301'),(1,4,'C002','kdhkdh','A302'),(1,7,'C002','kdhkdh','A303'),(1,3,'C002','kdhkdh','A304'),(1,1,'C002','kdhkdh','A305'),(1,0,'C002','kdhkdh','A309'),(0,2,'C002','kdhkdh','A401'),(0,5,'C002','kdhkdh','A402'),(1,0,'C002','peng','A301'),(1,1,'C002','peng','A303'),(1,2,'C002','peng','A304'),(1,3,'C002','peng','A305'),(1,0,'C002','qqq2','A301'),(1,1,'C002','qqq2','A303'),(1,2,'C002','qqq2','A304'),(1,3,'C002','qqq2','A305'),(1,0,'C002','qqqq','A301'),(1,1,'C002','qqqq','A303'),(1,2,'C002','qqqq','A304'),(1,3,'C002','qqqq','A305'),(1,0,'C002','qwer1','A301'),(1,1,'C002','qwer1','A303'),(1,5,'C002','qwer1','A304'),(1,3,'C002','qwer1','A305'),(1,0,'C002','SSAFY123','A301'),(1,1,'C002','SSAFY123','A303'),(1,2,'C002','SSAFY123','A304'),(1,3,'C002','SSAFY123','A305'),(1,6,'C002','test','A102'),(1,0,'C002','test','A301'),(1,7,'C002','test','A302'),(1,1,'C002','test','A303'),(1,2,'C002','test','A304'),(1,3,'C002','test','A305'),(1,4,'C002','test','A307'),(1,5,'C002','test','A310'),(1,3,'C002','test0000','A102'),(1,1,'C002','test0000','A201'),(1,0,'C002','test0000','A202'),(1,7,'C002','test0000','A301'),(1,5,'C002','test0000','A302'),(0,1,'C002','test0000','A303'),(1,4,'C002','test0000','A304'),(1,2,'C002','test0000','A305'),(0,7,'C002','test0000','A307'),(0,6,'C002','test0000','A308'),(1,6,'C002','test0000','A310'),(0,6,'C002','test0000','A401'),(0,7,'C002','test0000','A402'),(1,0,'C002','test0001','A301'),(1,1,'C002','test0001','A303'),(1,2,'C002','test0001','A304'),(1,3,'C002','test0001','A305'),(1,0,'C002','test9999','A301'),(1,1,'C002','test9999','A303'),(1,2,'C002','test9999','A304'),(1,3,'C002','test9999','A305'),(1,0,'C002','Thingseong','A301'),(1,1,'C002','Thingseong','A303'),(1,2,'C002','Thingseong','A304'),(1,3,'C002','Thingseong','A305'),(1,0,'C002','wjdtpwls32','A202'),(0,0,'C002','wjdtpwls32','A301'),(1,5,'C002','wjdtpwls32','A302'),(1,1,'C002','wjdtpwls32','A303'),(1,4,'C002','wjdtpwls32','A304'),(1,3,'C002','wjdtpwls32','A305'),(1,2,'C002','wjdtpwls32','A309'),(1,6,'C002','wjdtpwls32','A401'),(1,7,'C002','wjdtpwls32','A402'),(1,0,'C002','wlgns3479','A301'),(1,1,'C002','wlgns3479','A303'),(1,2,'C002','wlgns3479','A304'),(1,3,'C002','wlgns3479','A305'),(0,0,'C003','asdf','M101'),(0,0,'C003','asdf','M102'),(1,1,'C003','asdf','M201'),(1,0,'C003','asdf','M202'),(1,6,'C003','asdf','M203'),(0,7,'C003','asdf','M204'),(0,7,'C003','asdf','M205'),(1,7,'C003','asdf','M206'),(1,3,'C003','asdf','M301'),(1,4,'C003','asdf','M302'),(1,2,'C003','asdf','M303'),(0,7,'C003','asdf','M304'),(0,7,'C003','asdf','M305'),(0,3,'C003','asdf','M306'),(0,6,'C003','asdf','M401'),(1,5,'C003','asdf','M402'),(1,0,'C003','coach1','M101'),(1,1,'C003','coach1','M201'),(1,2,'C003','coach1','M303'),(1,3,'C003','coach1','M306'),(1,0,'C003','hahaha','M101'),(1,1,'C003','hahaha','M201'),(1,2,'C003','hahaha','M303'),(1,3,'C003','hahaha','M306'),(1,0,'C003','hslee0912','M101'),(1,1,'C003','hslee0912','M201'),(1,2,'C003','hslee0912','M303'),(1,3,'C003','hslee0912','M306'),(1,0,'C003','hspear','M101'),(1,1,'C003','hspear','M201'),(1,2,'C003','hspear','M303'),(1,3,'C003','hspear','M306'),(1,0,'C003','inpofes1','M101'),(1,1,'C003','inpofes1','M201'),(1,2,'C003','inpofes1','M303'),(1,3,'C003','inpofes1','M306'),(1,0,'C003','jjaacom','M101'),(1,1,'C003','jjaacom','M201'),(1,2,'C003','jjaacom','M303'),(1,3,'C003','jjaacom','M306'),(1,0,'C003','ju0522','M101'),(1,1,'C003','ju0522','M201'),(1,2,'C003','ju0522','M303'),(1,3,'C003','ju0522','M306'),(1,7,'C003','kdhkdh','M101'),(1,2,'C003','kdhkdh','M201'),(1,0,'C003','kdhkdh','M205'),(1,4,'C003','kdhkdh','M302'),(1,1,'C003','kdhkdh','M303'),(1,3,'C003','kdhkdh','M306'),(1,5,'C003','kdhkdh','M401'),(1,6,'C003','kdhkdh','M402'),(1,0,'C003','peng','M101'),(1,1,'C003','peng','M201'),(1,2,'C003','peng','M303'),(1,3,'C003','peng','M306'),(1,0,'C003','qqq2','M101'),(1,1,'C003','qqq2','M201'),(1,2,'C003','qqq2','M303'),(1,3,'C003','qqq2','M306'),(1,0,'C003','qqqq','M101'),(1,1,'C003','qqqq','M201'),(1,2,'C003','qqqq','M303'),(1,3,'C003','qqqq','M306'),(1,0,'C003','qwer1','M101'),(1,1,'C003','qwer1','M201'),(1,2,'C003','qwer1','M303'),(1,3,'C003','qwer1','M306'),(1,0,'C003','SSAFY123','M101'),(1,1,'C003','SSAFY123','M201'),(1,2,'C003','SSAFY123','M303'),(1,3,'C003','SSAFY123','M306'),(0,0,'C003','test','M101'),(1,1,'C003','test','M201'),(1,5,'C003','test','M202'),(0,5,'C003','test','M204'),(1,3,'C003','test','M205'),(1,7,'C003','test','M206'),(1,4,'C003','test','M301'),(1,0,'C003','test','M302'),(1,2,'C003','test','M303'),(1,6,'C003','test','M305'),(0,3,'C003','test','M306'),(0,0,'C003','test0000','M101'),(1,2,'C003','test0000','M102'),(0,1,'C003','test0000','M201'),(1,3,'C003','test0000','M202'),(0,2,'C003','test0000','M206'),(1,0,'C003','test0000','M301'),(1,5,'C003','test0000','M302'),(1,1,'C003','test0000','M303'),(0,0,'C003','test0000','M305'),(1,4,'C003','test0000','M306'),(1,7,'C003','test0000','M401'),(1,6,'C003','test0000','M402'),(1,0,'C003','test0001','M101'),(1,1,'C003','test0001','M201'),(1,2,'C003','test0001','M303'),(1,3,'C003','test0001','M306'),(0,0,'C003','test9999','M101'),(0,1,'C003','test9999','M201'),(1,0,'C003','test9999','M202'),(1,1,'C003','test9999','M205'),(1,5,'C003','test9999','M301'),(1,4,'C003','test9999','M302'),(1,2,'C003','test9999','M303'),(1,6,'C003','test9999','M305'),(0,3,'C003','test9999','M306'),(1,3,'C003','test9999','M401'),(1,7,'C003','test9999','M402'),(1,0,'C003','Thingseong','M101'),(1,1,'C003','Thingseong','M201'),(1,2,'C003','Thingseong','M303'),(1,3,'C003','Thingseong','M306'),(0,0,'C003','wjdtpwls32','M101'),(1,1,'C003','wjdtpwls32','M102'),(0,1,'C003','wjdtpwls32','M201'),(1,6,'C003','wjdtpwls32','M202'),(0,3,'C003','wjdtpwls32','M203'),(1,7,'C003','wjdtpwls32','M204'),(0,3,'C003','wjdtpwls32','M205'),(1,3,'C003','wjdtpwls32','M206'),(1,4,'C003','wjdtpwls32','M301'),(1,5,'C003','wjdtpwls32','M302'),(1,2,'C003','wjdtpwls32','M303'),(1,0,'C003','wjdtpwls32','M305'),(0,4,'C003','wjdtpwls32','M306'),(0,3,'C003','wjdtpwls32','M401'),(0,7,'C003','wjdtpwls32','M402'),(1,0,'C003','wlgns3479','M101'),(1,1,'C003','wlgns3479','M201'),(1,2,'C003','wlgns3479','M303'),(1,3,'C003','wlgns3479','M306');
/*!40000 ALTER TABLE `learned_skill` ENABLE KEYS */;
UNLOCK TABLES;

--
-- Table structure for table `party`
--

DROP TABLE IF EXISTS `party`;
/*!40101 SET @saved_cs_client     = @@character_set_client */;
/*!50503 SET character_set_client = utf8mb4 */;
CREATE TABLE `party` (
  `created_at` datetime(6) NOT NULL,
  `party_id` varchar(36) NOT NULL,
  `party_title` varchar(255) NOT NULL,
  PRIMARY KEY (`party_id`)
) ENGINE=InnoDB DEFAULT CHARSET=utf8mb4 COLLATE=utf8mb4_0900_ai_ci;
/*!40101 SET character_set_client = @saved_cs_client */;

--
-- Dumping data for table `party`
--

LOCK TABLES `party` WRITE;
/*!40000 ALTER TABLE `party` DISABLE KEYS */;
INSERT INTO `party` VALUES ('2024-05-18 18:20:08.968444','01910cdd-d5f1-48a6-a346-1e4d68353f25','GMKDH의 파티'),('2024-05-17 20:06:38.119132','019efbb6-df30-46fe-9622-0e1f841a58e0','컴컴'),('2024-05-17 20:35:39.275306','02e2505d-c044-4cee-9430-8aa5f59c62af','치킨 주세요 냠냠'),('2024-05-18 01:24:14.150156','04350f48-4ef7-4dd0-8f4d-195af5345fa2','test의 파티'),('2024-05-18 02:03:38.072139','06daa696-2cd8-4756-beb6-15484a359441','LikeBear의 파티'),('2024-05-17 20:19:17.089097','07f2f31d-3cc6-4645-a650-4c5a0644e1be','ㅇ'),('2024-05-18 13:43:01.773319','08101e9b-5b3e-407c-a211-d048adf861c5','test의 파티'),('2024-05-18 22:23:19.862971','08be0db0-45c9-40f1-9f33-4dc54012d99b','test의 파티'),('2024-05-17 23:42:03.122733','098a4fd7-76fe-4d19-825a-05e360dbcb38','test의 파티'),('2024-05-18 02:23:49.654778','09b7dc42-6ada-4e02-a2c7-9f35db2e65d9','LikeBear의 파티'),('2024-05-18 13:33:28.368437','0a9bb4ad-75fb-4c65-90e1-0f930fe0481e','test의 파티'),('2024-05-18 18:08:50.472605','0ac13d3c-39e3-409c-95dc-dfa21c1c68b7','GMKDH의 파티'),('2024-05-18 21:18:48.636838','0ae98b5a-d956-48a4-9a00-825abba2d18c','riri0912의 파티'),('2024-05-18 02:46:28.772997','0c4bb504-7c3f-4fc9-9951-49338021b780','LikeBear의 파티'),('2024-05-18 01:26:10.311387','0f7286db-6653-4372-81c2-281438b4fd37','test의 파티'),('2024-05-18 21:17:29.548705','11949d67-caee-4653-a4c8-cd78c854949f','riri0912의 파티'),('2024-05-18 14:21:41.804738','13a0a445-7f5a-4061-bedb-a9f216117063','test의 파티'),('2024-05-18 18:41:35.885323','14f6ca5c-51e8-456e-98e0-e7590054944a','LikeBear의 파티'),('2024-05-18 22:24:42.763072','15936ecb-7973-44e3-bb2d-b6fbcb0a2763','test의 파티'),('2024-05-19 16:42:27.676536','165d7d2c-1d75-425a-bbdd-2701aae56823','레오의 파티'),('2024-05-18 02:57:51.888615','16e4b587-1fe5-46b0-8f32-e8ef38a2a14c','LikeBear의 파티'),('2024-05-18 18:28:53.265982','190388d7-8bfb-44db-868e-d45a8148b4bb','초귀요미금형이의 파티'),('2024-05-17 19:58:26.711364','19c24cf5-a9f1-40fb-9448-e068c30780f0','초귀요미금형이의 파티'),('2024-05-18 21:14:58.644059','1b1a974e-779e-4ebe-990e-fea5a9bdc7ce','riri0912의 파티'),('2024-05-19 16:31:37.472121','1b661473-2b2f-49be-9081-00ade2145935','레오의 파티'),('2024-05-18 14:51:49.903788','1d235606-b8fd-4490-8d7f-293cbba739f8','test의 파티'),('2024-05-18 20:24:42.844848','1f17bbfc-c865-4104-a5fe-77f25bcc6b1d','LikeBear의 파티'),('2024-05-18 21:55:48.874219','20558fab-9e86-46d5-8a08-1693f9ef5070','riri0912의 파티'),('2024-05-19 16:45:17.485475','20b06f5d-68f5-4fd2-8c53-649a5a736b43','레오의 파티'),('2024-05-17 20:11:51.953038','212a6148-74b8-4868-89e3-1f2295a9b333','ㅇ'),('2024-05-18 20:36:44.407499','22702587-9d58-4644-9e64-3b48abf045b0','LikeBear의 파티'),('2024-05-18 21:37:08.636274','2276b2e6-4f31-4634-bab0-b24c4b0380d6','riri0912의 파티'),('2024-05-18 18:41:22.396885','23958fe8-9148-49ea-b42b-5783e63005d8','초귀요미금형이의 파티'),('2024-05-18 18:04:09.546878','24ffde22-18d4-4911-8b65-1d074941509c','GMKDH의 파티'),('2024-05-18 21:41:15.373008','25711cad-76d9-4307-a33e-4669758fa40f','test9999의 파티'),('2024-05-18 18:45:13.987070','2651c8db-6103-43dd-bf1d-c9b59f816c90','LikeBear의 파티'),('2024-05-18 17:39:34.974434','2663e46d-ce59-4b31-a42d-2c58e3424a89','test의 파티'),('2024-05-19 03:44:33.673733','26a207b0-c6fe-4905-a252-617e2db0702c','riri0912의 파티'),('2024-05-19 03:12:36.912644','26eb065d-0871-4e39-8a43-67b3c9261aa7','riri0912의 파티'),('2024-05-18 23:45:43.188246','2719e5c6-2b8c-4541-936d-1b3f0c9ba2e7','4f597aae-1fcb-45bc-ba69-d1403293eda6'),('2024-05-18 22:06:14.004013','27bd39e6-aabb-48ee-94ac-8fb27c14c98b','test0000의 파티'),('2024-05-18 23:31:03.467771','2b820ee9-aba6-4f24-a609-aa370a090658','이안의 파티'),('2024-05-18 11:19:33.847326','2cbd59d8-23f1-4709-ac6a-f6f6a6c5baa0','riri0912의 파티'),('2024-05-18 23:20:27.082529','2d37e7c4-1015-475a-8443-e5020c3aee5c','싸피 10기 화이팅'),('2024-05-18 23:57:41.218305','2d5e5dbd-c72c-4911-aec0-61933bbf3006','1690da79-0b45-422e-b19e-904b27a2b5fc'),('2024-05-18 19:49:11.787531','2d6d0947-f044-4d93-bee1-9c28be532134','peng의 파티'),('2024-05-18 18:03:18.399355','2e417b39-fc99-4d0e-8aeb-a373a95a5c8c','riri0912의 파티'),('2024-05-17 20:09:45.557315','2e5f77ad-ce2f-4097-be2f-2e0ae36693df','ㅇ'),('2024-05-18 21:38:42.194973','2e7aa5b4-9191-49c3-9af3-7cef0cbf8e87','riri0912의 파티'),('2024-05-18 13:47:24.087491','2f6635eb-3bda-4834-99ee-ffa809f933e0','test의 파티'),('2024-05-18 21:12:08.630588','3036f150-e6d7-4699-a37a-e8fee60fa1cb','riri0912의 파티'),('2024-05-19 02:21:00.360596','30573df1-200b-4004-a52f-162199baca16','116584c8-3ee1-4c66-870e-fbc49780ff7d'),('2024-05-18 19:08:52.630470','30717c89-0141-48be-9411-e196ea6efd63','test의 파티'),('2024-05-18 17:23:08.302512','30b7c644-a895-49df-9fa8-8be53ff4dde4','25d6c863-28ee-4621-af78-947af1be0fe6'),('2024-05-19 16:22:19.734044','3197207b-4fb7-44f1-a0eb-e4bad40f9061','08a0b2ad-f99b-4c9d-a216-95540a0cea33'),('2024-05-18 19:44:38.291798','31eb19db-e1c4-4bd5-95cf-b383a8805f7f','peng의 파티'),('2024-05-17 20:33:10.527365','32a8c1ab-90c0-45ed-8d30-596c9f25228d','치킨 주세요 냠냠'),('2024-05-18 18:29:28.010666','32b14cd5-9100-4a4f-bd40-11a032a06539','초귀요미금형이의 파티'),('2024-05-17 20:08:32.198598','3419b822-32df-4d3d-9fa0-a6e5717bdb6e','컴컴'),('2024-05-18 00:56:30.397754','35090864-2c9e-41a9-bdd7-b144b5ac28fa','riri0912의 파티'),('2024-05-18 17:36:57.536321','359a85d2-39ec-403a-8990-51a2794085d2','test의 파티'),('2024-05-18 18:37:54.124670','35c2f563-00e5-4833-98fd-e117f53cc6a4','초귀요미금형이의 파티'),('2024-05-18 15:00:41.170327','35e03850-ecb8-47a0-8e65-faa4f710d975','test의 파티'),('2024-05-17 20:13:59.897876','369c68ee-acc0-4947-bbb5-a760280e4813','ㅇ'),('2024-05-19 16:20:03.696272','3702af9b-ab18-4bf6-85e2-a5dac8b0952a','아리아의 파티'),('2024-05-18 21:29:06.660163','371f09cc-e287-4b32-9c43-36f11d604c7b','test0000의 파티'),('2024-05-18 21:20:29.116756','376fb797-99ce-48c8-90eb-3020dac3f219','riri0912의 파티'),('2024-05-18 19:56:15.558527','37db66af-fe05-4911-92b7-80ac468430ee','LikeBear의 파티'),('2024-05-18 00:02:43.049621','381c948c-9976-4c65-84ac-c59dac70db40','ada33873-1e81-4469-869c-6c944ff061e3'),('2024-05-18 15:38:34.431681','38c95943-97a8-4541-9332-6a9658aac61a','test0000의 파티'),('2024-05-18 18:30:13.785612','3a62a9af-c7d9-4a5a-ac46-d8e4ec836b94','초귀요미금형이의 파티'),('2024-05-19 02:26:05.703655','3afaeb10-81ea-419f-9303-d705f5451c0e','레오의 파티'),('2024-05-18 17:58:36.131557','3bf2af65-b3cc-4ea6-bf92-f5c64b3c5bea','GMKDH의 파티'),('2024-05-17 23:57:10.003747','3de46f52-9caa-44d6-b7ad-f654920496a8','test의 파티'),('2024-05-18 02:30:40.027160','3f4756b2-2305-4f75-a402-53874f4b777a','LikeBear의 파티'),('2024-05-18 00:54:54.221216','42308780-b39b-46e3-8057-7a75b562c0b1','riri0912의 파티'),('2024-05-18 16:49:54.958274','423405be-e1d4-4cd3-a7ff-39c3c0dda1c6','LikeBear의 파티'),('2024-05-18 14:47:48.100274','4234e56b-34b2-4387-8a1a-01193345bc54','test의 파티'),('2024-05-18 22:39:38.611194','43f9a549-b895-4344-a152-ba7fb4960713','싸피 10기 화이팅'),('2024-05-18 19:14:47.165069','44b835e3-14b5-49f1-87ff-dd94e92cfcac','test의 파티'),('2024-05-18 22:07:05.069714','44d6826f-8b52-45bf-9441-385dfcdb7135','test0000의 파티'),('2024-05-18 01:46:03.476869','45a77e11-624c-4b49-8c91-f1ac902ad2eb','LikeBear의 파티'),('2024-05-18 19:32:31.071409','46722ae1-7028-4970-a3e9-3b38b56a6d71','LikeBear의 파티'),('2024-05-18 21:58:25.273761','467f1be9-99e3-4678-ac91-fef83048a653','riri0912의 파티'),('2024-05-17 20:24:07.497665','477153cd-68b5-4fc7-aad0-00fadad8cf8e','ㅇ'),('2024-05-18 21:02:56.997265','4791e127-4836-4792-b88f-5ec8cce17386','LikeBear의 파티'),('2024-05-18 17:26:31.845321','485e8d8f-a5e5-4ab6-a371-7e2488eb7f69','ddd'),('2024-05-17 20:00:54.825178','488ed53e-434c-4bae-a1ec-6a05168023be','275e9511-1fc6-444c-8a0c-cd8cea496160'),('2024-05-18 03:01:50.690289','48a9fe4c-c470-407d-8e32-fccbe6e57ae3','LikeBear의 파티'),('2024-05-18 17:51:37.217244','4945eba3-8a47-49e8-851d-74d57742bc03','GMKDH의 파티'),('2024-05-18 14:25:35.885293','4a776af2-b92d-4be6-a867-a93e454a4025','test의 파티'),('2024-05-18 13:44:43.759891','4ac535b0-8e08-4862-9605-304978f6f453','test의 파티'),('2024-05-18 14:36:14.286693','4b3cd4d7-6a2a-434c-be08-b42f420f1a6a','test의 파티'),('2024-05-18 01:32:41.613032','4ba9625b-1031-4613-9c76-0ddf68ce48a4','LikeBear의 파티'),('2024-05-18 21:34:21.097220','4cd09206-86a2-431b-9a2a-7f948562866d','riri0912의 파티'),('2024-05-18 14:58:43.296010','4d84859c-fa21-4257-b2ea-b5b69f52e148','test의 파티'),('2024-05-18 17:06:05.014491','4dd120a7-6771-4831-9003-b887847737c5','초귀요미금형이의 파티'),('2024-05-18 02:14:25.420209','4e863b43-a0a5-4791-a815-9567a12d0183','LikeBear의 파티'),('2024-05-17 19:55:00.150013','4eb20f7c-fc97-411d-bcf9-181c8c6974c0','초귀요미금형이의 파티'),('2024-05-18 03:01:10.754691','4f555219-3f40-4b38-81cb-e19075e8289d','test의 파티'),('2024-05-18 17:41:30.265598','4f857d8c-60e6-4c6f-8906-5f563d6ae8ec','GMKDH의 파티'),('2024-05-18 02:05:17.555957','511c8b09-d847-47df-980e-c069ea285605','LikeBear의 파티'),('2024-05-18 21:42:06.943382','516f896c-ca06-40c2-8a73-440e244772eb','test'),('2024-05-19 16:48:38.221558','5187259a-781d-4abf-9f12-ebebd583712f','레오의 파티'),('2024-05-18 21:37:20.386004','5547c2ef-acf5-4d96-8222-e680de75715f','riri0912의 파티'),('2024-05-18 02:07:52.072539','556d34fb-1c91-480b-9170-1d91e7f53c99','LikeBear의 파티'),('2024-05-17 23:55:08.618775','557da05e-69a6-4769-9fe7-c4f7ab9e5ff8','test의 파티'),('2024-05-18 17:34:46.711396','557e9c19-8a3c-4cbe-a8ba-0cb21f0c13f0','test의 파티'),('2024-05-18 14:10:56.114489','55cbaeb1-5270-4b6e-b59a-104e30a017c6','test의 파티'),('2024-05-18 13:27:32.159984','573fa465-fd62-4591-8887-611d0a7d2651','test의 파티'),('2024-05-18 18:37:31.356846','57f5d1d2-c275-4441-a526-f2a6b00acfb8','초귀요미금형이의 파티'),('2024-05-18 19:09:17.365963','58209b75-9888-45d2-ad55-583fc79ad8a5','LikeBear의 파티'),('2024-05-18 00:52:44.662429','584ae3d3-e758-48cb-a6c1-796895927f9a','riri0912의 파티'),('2024-05-18 11:21:33.934779','5868b84c-f0c2-474d-8698-05d32aada706','riri0912의 파티'),('2024-05-17 20:22:49.185012','58dd4849-94a9-4125-afe1-b07e64f3a5f0','ㅇ'),('2024-05-18 18:18:46.102788','58f60c69-72e6-41ab-a39a-62779eb89780','GMKDH의 파티'),('2024-05-18 19:35:32.059298','5aaab376-5857-4380-a997-1f55e7245534','a2c76c36-c810-4cf0-bd38-f08a1c84d33d'),('2024-05-18 17:42:35.418352','5cf6217c-7aba-46c5-9d9f-5a5c9ae81c90','test의 파티'),('2024-05-18 19:49:19.494480','5d79af28-d73f-45c5-9b6c-8795f7a4049b','LikeBear의 파티'),('2024-05-18 21:51:21.073751','5db9bf6e-5981-4d14-a38c-50ae83c96d74','riri0912의 파티'),('2024-05-19 16:38:32.529807','5dec3006-524d-4dea-9f06-8bd5b2942763','레오의 파티'),('2024-05-18 21:43:04.715533','5e348d8b-38e6-4b40-90ed-b03f95b45c34','riri0912의 파티'),('2024-05-18 13:58:20.124352','5e870064-ea57-4f83-aa6e-acfec9eb5582','test의 파티'),('2024-05-18 22:21:25.663366','61b02d09-1bda-4ae3-86d1-b0fb1514d41c','riri0912의 파티'),('2024-05-19 16:51:31.620648','61cb747e-bde4-4670-accb-24b3c3668142','레오의 파티'),('2024-05-18 22:19:43.862265','64d7a52b-e05d-4690-9214-2a9ccb537193','riri0912의 파티'),('2024-05-18 22:42:56.298828','65ce56c1-8af7-49c5-b25a-c5781d35ed27','싸피 10기 화이팅'),('2024-05-18 20:32:18.400000','66b8d0d6-d579-40b4-a331-c788e54d4c22','test의 파티'),('2024-05-17 19:55:22.419299','678fccf4-5a2e-416c-8ed7-9a7a4c6dc4ab','b544083d-6bb0-4356-aff0-70ab4dbed1c7'),('2024-05-18 21:28:21.813980','68578388-8e0b-4806-b0d5-20dfa35df1db','riri0912의 파티'),('2024-05-18 01:44:07.628141','689c1fe5-6c4f-4946-848f-8688f2424a05','LikeBear의 파티'),('2024-05-19 16:41:53.687145','68e8ceca-d232-4f04-a4bc-ea2f7ddd6272','레오의 파티'),('2024-05-18 22:00:25.572969','69450391-a7b8-4f24-99d7-8dc779c457e7','riri0912의 파티'),('2024-05-18 03:01:29.246166','6980772f-28fa-4171-ad0e-ef9ff97c7603','test의 파티'),('2024-05-18 15:06:02.266921','69fef990-7507-46f0-a252-0473b032cadb','test의 파티'),('2024-05-19 16:40:03.998593','6a1aea0e-79ed-4c8d-bc7c-3ff4f6f2346d','레오의 파티'),('2024-05-18 00:18:39.554909','6d339bc2-c849-435e-b372-5a7a20d7389c','5b4ef8dc-80dd-4b15-8209-fb60973a04af'),('2024-05-18 11:17:44.704966','6dfce72a-608a-4a57-aed0-e368866f8940','riri0912의 파티'),('2024-05-18 19:21:08.077796','6ee64bca-1e5a-410f-ab34-a0f62ef88ebe','LikeBear의 파티'),('2024-05-18 13:26:15.816577','6f41e745-8a42-4928-aa13-9f2eb23cbbf0','test의 파티'),('2024-05-18 18:33:01.949825','6f789137-2c27-46f3-bf4c-2a8023ea0069','GMKDH의 파티'),('2024-05-18 14:20:34.651931','6fa506e5-785c-46ce-9cb7-d295532ec8b0','test의 파티'),('2024-05-18 19:51:19.563672','70aa8776-d7fa-45ab-bbb7-bdd5c84b6619','peng의 파티'),('2024-05-18 22:59:30.044958','70ba65d1-3855-4d8f-a2bf-fbf2b3497ee8','GMKDH의 파티'),('2024-05-18 21:22:32.879396','70c791cd-e62a-4656-893b-fcc46ba8494f','riri0912의 파티'),('2024-05-18 22:30:12.630231','71b26817-6d29-4c38-803e-8a148b9fee64','riri0912의 파티'),('2024-05-18 20:07:46.060027','728acca8-c6e1-4501-9654-5875468716be','LikeBear의 파티'),('2024-05-18 17:41:18.056747','73bd1469-ed66-4710-9fe4-8435f54d292d','test의 파티'),('2024-05-19 16:36:58.189336','73d86f6f-30e9-45d2-8cdd-9e4c60b7f401','레오의 파티'),('2024-05-19 16:25:45.673233','74552c1e-249a-46f5-a779-1d0fa5d57295','insik의 파티'),('2024-05-18 19:39:35.813630','74cb0f19-5ebc-4ef5-bcba-57f9aad6a029','peng의 파티'),('2024-05-18 23:30:46.797023','767f04ea-c05e-447f-ab3c-625c5018792d','아리아의 파티'),('2024-05-18 23:48:32.406926','76dc0988-31b4-49e7-bf32-7c239f9e2316','인포자1의 파티'),('2024-05-18 16:51:11.313334','77018696-054c-471d-b1e8-a58e79f3f67b','d01d9fe2-45ee-4325-aa28-c8cb4c43b779'),('2024-05-18 02:19:17.273267','792cc79b-f2af-4b76-9f18-3e1107970562','LikeBear의 파티'),('2024-05-18 22:26:21.191979','7a89b85b-6e81-4a41-ba10-accbeed41df6','riri0912의 파티'),('2024-05-18 21:25:21.003573','7ab477ca-184f-4d45-9b06-134ecbd63b0c','riri0912의 파티'),('2024-05-18 19:12:23.734809','7acbeff4-ec69-47c6-b64b-64d4ddaf9403','LikeBear의 파티'),('2024-05-18 02:12:49.497688','7af4f405-d1f6-40bd-ab5a-8e05bf393496','LikeBear의 파티'),('2024-05-18 19:46:45.145848','7c27e2b8-cc0e-4813-b9dc-11c9a621d92f','peng의 파티'),('2024-05-18 03:05:41.372253','7dd0bbe5-5e4a-4e03-a156-8302147180d2','test의 파티'),('2024-05-18 13:30:59.346837','7e53a6ee-75ce-4541-8d67-81c5c8db3241','test의 파티'),('2024-05-18 01:59:31.189657','7ed9ce52-af29-47a5-9569-a7773685d743','LikeBear의 파티'),('2024-05-18 02:37:51.589041','801c303a-13aa-4d78-8e06-b0e71e4e8355','LikeBear의 파티'),('2024-05-19 16:33:06.996139','8092d2ed-0b33-49e7-9be0-801aeb002143','레오의 파티'),('2024-05-18 11:25:05.830630','80a509aa-7810-4127-bb0a-240b42a9a17b','riri0912의 파티'),('2024-05-18 00:20:32.139161','80b316a4-15d1-4ccc-91e7-277ee8399dfb','test0000의 파티'),('2024-05-18 21:43:29.069761','80c351c6-da69-43d1-8e66-9f4c868bb1e5','test'),('2024-05-18 02:59:07.265135','82631bcf-8e8f-4aef-a4b4-35b765d8ae81','LikeBear의 파티'),('2024-05-18 21:49:15.543487','8391b7d2-1b26-456c-8fb9-e5013ee8d37f','riri0912의 파티'),('2024-05-18 18:56:02.531893','85b4c931-309b-4a17-9476-63749ce1ad25','test의 파티'),('2024-05-19 10:58:29.487787','861c54ee-90b3-48c4-938c-801b9e4ccc61','jeonjihwan의 파티'),('2024-05-18 02:36:20.409006','8660a711-63f4-43f9-8c8f-144ab50c4f42','LikeBear의 파티'),('2024-05-18 02:15:58.164825','869693ec-c63c-4c8f-85e7-5ba0c499f1fe','LikeBear의 파티'),('2024-05-18 21:24:52.869690','86a2c444-f871-4c69-89b6-95aaa159c714','test0000의 파티'),('2024-05-18 18:06:14.375517','87424706-aaba-4bce-8f6d-ed21ccb5135f','GMKDH의 파티'),('2024-05-18 20:53:06.670222','875323a0-4a9e-4d03-8522-5a2b26585fdb','test의 파티'),('2024-05-19 10:54:27.651110','87f0abb6-084f-478a-9be4-06a0e028eaab','7cc56e47-72f6-46a5-af48-8850b554b3b6'),('2024-05-17 17:29:10.671197','88eeca24-44b6-4095-a44d-a6f95909cf21','886b1a4b-1725-49f1-921b-fd4662724001'),('2024-05-18 16:42:09.330159','89829c8b-a462-4f38-aab9-718114c8e092','e8b0bff4-68e3-490b-b589-e0de10a66d76'),('2024-05-18 01:47:27.873264','8c1abb0b-213d-4a29-a63f-9130feb4d56b','LikeBear의 파티'),('2024-05-18 18:12:00.671627','8c410bd8-0c24-4fb5-8f03-51ba3121559c','riri0912의 파티'),('2024-05-18 23:07:30.274052','8d3dc9e1-b544-4fe0-b7ad-d63aa2683d0d','GMKDH의 파티'),('2024-05-18 02:29:11.142640','8dc0c060-f526-4e85-81a7-d3007f0d9a2f','LikeBear의 파티'),('2024-05-18 02:40:14.869907','8e235ef6-d968-4c67-8a82-f628addd5b48','LikeBear의 파티'),('2024-05-18 23:30:16.512238','8f063ccd-bea8-407a-91ff-af80c6f6fb50','레오의 파티'),('2024-05-18 22:03:35.365153','903746b7-eb36-4e1a-8f88-5be6f73203d4','test0000의 파티'),('2024-05-18 22:08:19.361552','913e4ae1-1328-4534-9ff8-9a550e51ff87','초귀요미금형이의 파티'),('2024-05-17 20:04:46.888077','92795c60-d9c9-4405-b59c-bc31d10d37f9','컴컴'),('2024-05-18 18:30:17.893956','938763e6-e3cf-447e-9d2b-9cef14668fe8','GMKDH의 파티'),('2024-05-18 22:47:28.111286','96bbb0e5-4613-4a23-b025-97fa16278a4b','싸피 10기 화이팅'),('2024-05-18 03:03:29.125173','9707dbfc-4cf5-4bac-b2aa-b2bc6134ec17','LikeBear의 파티'),('2024-05-17 20:20:49.845225','976c6f30-c045-4dbf-82e3-0d08f235a08f','ㅇ'),('2024-05-19 11:00:00.980784','9800a13e-e88d-4930-ac61-7be66cceafd9','jeonjihwan의 파티'),('2024-05-19 03:46:09.657075','984830ae-4199-4c87-8553-f358fa715f3b','riri0912의 파티'),('2024-05-19 16:36:39.972042','998e8a0a-cc61-496e-9515-5eeb9a4cca81','레오의 파티'),('2024-05-18 17:54:54.747890','9a23e706-639b-4fd1-af93-e1e4135a1cd4','GMKDH의 파티'),('2024-05-18 19:15:41.492762','9b1c6234-f61a-4fca-a7f5-0cf9083cea3e','LikeBear의 파티'),('2024-05-18 01:21:16.316493','9b3d5447-59a6-4423-acaa-5e8c5ca8062b','test의 파티'),('2024-05-18 16:59:25.411940','9bd318e4-dfc5-4d13-b46c-3cb5077d98fa','test의 파티'),('2024-05-18 21:09:39.627782','9c750964-38dd-442d-8642-4953ed253833','test0000의 파티'),('2024-05-18 02:01:34.719208','9c754c00-98ee-4d83-859d-7663a6c3211b','LikeBear의 파티'),('2024-05-18 18:26:48.250567','9cbe556d-f1b0-45ae-8db1-032829fe3f6b','GMKDH의 파티'),('2024-05-18 22:19:35.176765','9e736cf4-a503-46e3-b565-891ac7663cd5','562d1bd6-c403-4f2e-a86e-42ede457680a'),('2024-05-18 17:49:40.485610','a014f148-2cd6-473c-9fe7-2da545c2c3c3','GMKDH의 파티'),('2024-05-18 18:33:35.847603','a042ba7f-cb79-4747-aeb5-0cee481ed33b','초귀요미금형이의 파티'),('2024-05-18 03:00:29.628881','a0aea777-11ee-4ed6-9138-84e9c51f95e6','LikeBear의 파티'),('2024-05-18 19:41:59.690512','a0ce40a3-7d21-4865-8086-1c4875a99e54','peng의 파티'),('2024-05-18 23:27:19.159438','a37ea0fe-e97b-4991-b910-16347670ac0d','싸피 10 화이팅'),('2024-05-18 17:09:54.959327','a4776872-f009-4625-8edd-334c26f0dba8','f1d06f49-c86e-463a-8153-f3c681b46c30'),('2024-05-18 17:38:27.189593','a61b96f7-84f0-4861-9595-026f5fcb7ad9','GMKDH의 파티'),('2024-05-18 13:57:41.715951','a65f8265-6522-48c5-a8c2-2fec7b20515e','LikeBear의 파티'),('2024-05-18 19:43:55.257657','a67aa824-be23-4e14-a264-25844b080b2b','peng의 파티'),('2024-05-18 02:24:00.059900','a7d7f505-ace9-4fbb-bc5f-d8055e81a6f9','LikeBear의 파티'),('2024-05-18 11:15:39.633265','a8d59363-402a-4941-962e-335e57daff3e','riri0912의 파티'),('2024-05-18 20:55:26.149937','a960d163-5754-4b58-a43a-d1fbe00c0fb5','test의 파티'),('2024-05-18 17:30:58.065071','a9e7a75e-a441-4a57-9f48-8c43fdf30212','GMKDH의 파티'),('2024-05-18 02:32:51.836200','a9fc76ba-5712-44ff-a3b6-576a49a2ad02','LikeBear의 파티'),('2024-05-17 23:48:50.338860','aa8c152d-1919-47bb-b586-e564eeb36d43','test의 파티'),('2024-05-18 01:52:31.764088','ac113264-a922-40dd-8846-012a29cd7604','LikeBear의 파티'),('2024-05-18 22:22:56.062516','ac9b1bc4-d9cd-4ae2-bf33-c85de09c18ee','riri0912의 파티'),('2024-05-19 16:28:12.621948','ad4326b9-f2b9-46b5-950a-32958c6b6001','insik의 파티'),('2024-05-18 19:53:59.230868','adbcb537-2185-4bc9-bce0-af43f59622ba','peng의 파티'),('2024-05-17 20:38:46.661206','ade47a94-d954-4dad-88bf-30b0b30b3c8b','치킨 주세요 냠냠'),('2024-05-18 21:30:47.715840','aea70ede-f910-4bde-ac5a-cb55d6fd14c8','riri0912의 파티'),('2024-05-19 00:09:33.878377','aebefa18-44d9-4fe6-bb60-b482c0f780da','레오의 파티'),('2024-05-18 22:09:45.341413','afc08f6d-c3c5-4c99-b961-c8cfda0034d1','test0000의 파티'),('2024-05-18 18:04:54.939448','afc2994a-daac-4a41-b1c1-9a10cff017f5','riri0912의 파티'),('2024-05-18 21:32:48.088047','b05308eb-2cce-4215-9fa2-54b3c220a0de','riri0912의 파티'),('2024-05-17 16:56:46.614471','b11406f0-e8d0-48b8-aaad-00d1a9586d0a','3e0cea8f-3651-447c-a0d8-5933ad8358d4'),('2024-05-19 16:34:55.489521','b2ce89d0-62d0-46c9-9124-cfb972b59998','레오의 파티'),('2024-05-18 22:53:11.771096','b3133559-b668-4d75-98cc-8ee1a541ca2e','싸피 10기 화이팅'),('2024-05-18 21:29:44.836512','b38119cf-0e6a-407c-a1fa-c4779bb4e744','riri0912의 파티'),('2024-05-19 02:30:41.909963','b3a8c60f-54cd-4694-bfba-ea9ae931ce00','b343e5f9-6b69-46ae-b6c3-f1b4f55184b2'),('2024-05-18 01:48:35.485067','b4517ac0-3e87-4d9a-9614-d7d1814f8a59','LikeBear의 파티'),('2024-05-18 01:55:10.212567','b4d7f99f-f238-4dea-8203-b50104377b20','LikeBear의 파티'),('2024-05-18 20:21:31.206632','b4e99111-176d-4dd8-b013-d30f59d30b87','LikeBear의 파티'),('2024-05-18 20:40:49.163395','b50d810d-a64e-4241-9191-cc42878e3ad6','LikeBear의 파티'),('2024-05-18 02:48:31.093777','b54d806f-4d0e-4b50-b46e-5048e977b340','LikeBear의 파티'),('2024-05-18 21:48:27.796692','b5aa1c33-5fcf-47ab-b993-44b8af36935a','test'),('2024-05-18 15:10:21.019944','b7be27be-b176-4226-92af-8a46b230acb9','test의 파티'),('2024-05-18 03:03:08.728300','b7be89ac-06f9-4f37-98fe-3ee52acf6d64','test의 파티'),('2024-05-17 23:46:14.206303','ba06e6b9-7c39-4901-8e34-cb48bb2a0322','test의 파티'),('2024-05-18 02:17:45.931209','ba79492b-1115-4609-8c61-a78e34be2341','LikeBear의 파티'),('2024-05-18 19:59:58.353016','bb8c7c7f-0b32-4e16-96bb-2f3a0f83c290','LikeBear의 파티'),('2024-05-18 17:06:52.993684','bd4e6e5e-3bd9-4681-959c-926c11080b21','초귀요미금형이의 파티'),('2024-05-18 11:23:07.902006','bd98838d-70e7-4e2d-8aba-27584f71e347','riri0912의 파티'),('2024-05-18 22:04:48.531479','bdcd69d7-7a73-4379-9dc2-798b87a3ab81','test0000의 파티'),('2024-05-18 17:53:23.755715','bf3e37a8-4059-4caf-8e03-58fd29885a7b','GMKDH의 파티'),('2024-05-18 22:24:39.161593','bf49ab41-0e17-4d0c-85d4-3116c1b33dd2','riri0912의 파티'),('2024-05-18 19:55:21.436744','c04f5903-910e-425b-9968-8a488f2190c3','peng의 파티'),('2024-05-18 17:56:44.190393','c0ad77fe-2888-4845-bde8-c1e612c51381','GMKDH의 파티'),('2024-05-18 17:36:21.351238','c159df61-3219-4fab-ae68-263d9aa1610e','GMKDH의 파티'),('2024-05-18 18:02:53.440448','c1c0e0eb-a4f5-4280-8d32-20732a520af8','GMKDH의 파티'),('2024-05-18 19:52:46.899348','c488f069-e1f6-43b9-9f50-454b9df09df7','peng의 파티'),('2024-05-17 20:18:11.883844','c96c688c-29b4-4782-9a15-122a01f3da00','ㅇ'),('2024-05-18 14:06:22.665309','c9cae93f-26a0-4246-b859-65ae75490a29','test의 파티'),('2024-05-18 14:45:26.591034','ca8e2fde-18cc-4588-9d4d-0b816b8a1bfb','test의 파티'),('2024-05-18 13:46:34.998355','ca9b2b31-a266-43f7-9df0-ee6ac37cf3fb','test의 파티'),('2024-05-18 21:44:20.094921','cb3414f9-610f-4517-a2cb-f5e9b7d86033','riri0912의 파티'),('2024-05-18 14:41:52.437644','cd5b07a2-95be-45c9-933f-5961335a44ae','test의 파티'),('2024-05-18 02:34:33.576623','ce06225a-ecbb-4023-a28d-77369bdd8257','LikeBear의 파티'),('2024-05-18 02:21:32.731390','ce2d1c2c-00c0-4688-99b0-be6f8dd5bb9f','LikeBear의 파티'),('2024-05-18 11:12:14.291363','ce654962-4556-4445-b269-371c12505334','riri0912의 파티'),('2024-05-18 18:12:53.388613','cf25e026-d71c-4933-a36b-ea87d874fa08','GMKDH의 파티'),('2024-05-18 23:31:17.162820','cf99bee9-a5f3-4843-bdd9-52ed82c949f0','레오의 파티'),('2024-05-19 16:35:06.793700','d01681f5-4c8d-41f3-b430-9aae542836bf','레오의 파티'),('2024-05-18 18:01:49.364019','d064abe9-3c52-492c-b99b-ed358c870820','GMKDH의 파티'),('2024-05-18 17:59:33.992380','d08302be-f09a-4f14-83c6-dca5c95a14cb','GMKDH의 파티'),('2024-05-18 23:32:13.353756','d0a6d8b4-4856-4510-82e0-6811d1ae6f85','레오의 파티'),('2024-05-17 23:33:27.377411','d15b869d-acb9-4961-9cd0-0797e8f819b3','test의 파티'),('2024-05-18 14:16:18.856113','d3002613-7c2d-416d-95bb-9611c2124df4','test의 파티'),('2024-05-18 17:33:52.282670','d54fea0a-1d75-46ce-b85e-08e6108f2a79','GMKDH의 파티'),('2024-05-17 20:29:38.392509','d6ec143f-2b1e-45da-908b-b2fa32bd9bc9','ㅂㅈㄷㅂㅈㄷ'),('2024-05-19 03:10:25.237073','d6fed41c-7532-4cdb-9377-2dcf795f1fe3','riri0912의 파티'),('2024-05-18 01:57:32.317661','d724b9b7-d32f-49f6-81cd-bded85e37a02','LikeBear의 파티'),('2024-05-18 21:35:37.353744','d794d6a9-8b1e-43b4-b53e-a55fcf97c3e2','riri0912의 파티'),('2024-05-18 18:00:55.476790','d8501581-a28b-4159-8171-1903c46b49e9','GMKDH의 파티'),('2024-05-18 21:22:29.438767','d8ba8962-4511-4161-82fe-e6513bac4346','test0000의 파티'),('2024-05-18 11:26:32.114869','dbdd5de0-2670-4b57-bc60-bcab8c22ae76','riri0912의 파티'),('2024-05-18 21:46:37.729293','dc962db5-1913-4d49-a255-d61df8db1854','test'),('2024-05-18 15:41:44.337658','dc982b4c-ff3b-4e93-84c8-defe573b28ff','test의 파티'),('2024-05-19 16:31:04.448043','dcd3cece-62f8-41cc-b4b4-8fac0e34e0c3','c618c350-7ee7-42ec-b900-1d5433facf20'),('2024-05-17 19:55:30.316841','dcd7c1be-0e07-4254-84db-e703dedb427c','초귀요미금형이의 파티'),('2024-05-18 18:24:32.188966','dd3783bb-f4ca-4ce4-9792-4ea717c010ea','GMKDH의 파티'),('2024-05-18 19:37:18.886875','ddb1b5be-4184-426e-8dc8-ffaae70d458c','peng의 파티'),('2024-05-18 02:09:58.435529','df55ab8e-5350-43c1-b0ca-3e0799160c4f','LikeBear의 파티'),('2024-05-18 18:28:47.140214','e05b72ef-522d-4ed9-b923-9f0741435f87','GMKDH의 파티'),('2024-05-18 13:56:37.310819','e05f8379-13e4-4fa7-b02c-653fc75d24d6','LikeBear의 파티'),('2024-05-18 23:23:54.240407','e15634b8-364d-4ff9-92a2-85f42e39851d','싸피 10기 화이팅'),('2024-05-18 21:07:34.967743','e15e9202-994f-47fe-bbd3-b64cea5f8c99','test0000의 파티'),('2024-05-18 23:32:35.179983','e24de274-6572-4750-93e0-fe93d8d57a16','아리아의 파티'),('2024-05-18 17:47:49.689924','e291a05d-321a-4900-b35c-194eeda6ca43','GMKDH의 파티'),('2024-05-18 22:11:36.973930','e426e0a1-965a-4bb4-a6c3-32501a9c6719','test0000의 파티'),('2024-05-18 13:37:37.386750','e4db4698-ace9-4e25-8312-76d50576202f','test의 파티'),('2024-05-18 21:04:07.969481','e5275b9d-26c6-4cf7-a129-550ba523aac1','LikeBear의 파티'),('2024-05-18 19:53:59.461216','e5dc868e-9d27-4d51-b206-4b7ec5146c89','LikeBear의 파티'),('2024-05-18 01:23:05.546459','e806a7fb-b15c-413c-838b-00d29640a7e8','test의 파티'),('2024-05-18 21:45:50.664424','e9dbf184-080d-4848-bc6b-02c67fc840bb','riri0912의 파티'),('2024-05-17 21:18:08.548051','ea9a9de4-c479-4285-8fcb-cbe6b4dd62b2','20a125c5-0b07-492b-b2f2-1eb430b97743'),('2024-05-19 03:47:11.160693','eb646b60-210a-4d43-b5e6-35d59ce8303f','riri0912의 파티'),('2024-05-18 14:18:11.070225','eb97b83c-41fe-4daa-a5ab-09b98709debd','test의 파티'),('2024-05-18 18:22:16.743532','eed810db-db23-4ab3-9b43-e85c2537d747','GMKDH의 파티'),('2024-05-18 23:07:39.151948','eeef3a52-fee3-474c-9c09-0e0e1f6ee195','GMKDH의 파티'),('2024-05-17 23:44:39.406771','ef44d322-7f36-4a18-a718-4f3124cde28e','test의 파티'),('2024-05-17 20:25:50.760236','ef7203fe-6144-48c7-8eb1-8b83d87b93bf','ㅇ'),('2024-05-18 21:15:38.788358','ef7d1ab2-07dc-4288-977a-238c89b9018c','test0000의 파티'),('2024-05-18 21:24:16.630221','ef90cfcd-c21e-4802-a5fe-9e9d7e901774','riri0912의 파티'),('2024-05-18 13:53:49.838849','f004fbcf-c386-4569-b9a0-d573aec35700','test의 파티'),('2024-05-18 17:45:15.857161','f069afb2-556f-4584-9afb-da7f4f5bcfd8','큐큐큐큐의 파티'),('2024-05-18 14:01:50.814190','f25b3160-3770-488d-bb42-a93ad7dfb2b5','LikeBear의 파티'),('2024-05-17 20:15:56.655792','f2b4d670-2793-4060-bfdb-979058b638ee','ㅇ'),('2024-05-18 21:47:40.633512','f392ba40-ae6c-4840-bd59-67c46863d5aa','riri0912의 파티'),('2024-05-18 14:08:02.852336','f5cf6e30-c52d-4b2b-b4e3-20c0f176223f','test의 파티'),('2024-05-17 21:21:11.312729','f5e12947-bf1f-4d30-88ca-8986d7aead91','riri0912의 파티'),('2024-05-18 22:29:36.143190','f6284f99-ee10-4a67-be5b-b9470172bba2','test의 파티'),('2024-05-18 18:16:47.825342','f63d2887-e61d-49d8-bfc2-9881262b850a','GMKDH의 파티'),('2024-05-18 13:36:27.918464','f7014357-2282-487d-bebe-60c34e6a300f','test의 파티'),('2024-05-18 23:09:05.643934','f75d5b89-43eb-45c5-ba51-81466bf6551b','GMKDH의 파티'),('2024-05-18 19:16:15.550583','f7dea093-4a28-41ca-9268-bd610f6629a3','test의 파티'),('2024-05-18 11:28:03.394028','f8afb0fb-0855-4ecd-b058-687344d525b0','riri0912의 파티'),('2024-05-17 19:51:56.490037','f8e67d14-9d28-4842-a697-103a858ad2ae','5acd8a95-0dc8-4fe8-929b-6c66e585a991'),('2024-05-18 18:10:50.204787','f8effea9-6a87-45d7-87ea-dd7bbd0fa9d4','GMKDH의 파티'),('2024-05-18 14:24:46.038466','f989eb10-4b40-42ff-948a-e81ae356d9be','test의 파티'),('2024-05-18 01:27:06.029028','f990aaa0-409c-4904-8209-10bee1b2abf2','f1237392-3226-48a8-b12a-efc28d1933cb'),('2024-05-18 21:08:16.905755','f9f113b6-0b5b-4ca0-8615-5d4971a0569a','test0000의 파티'),('2024-05-18 17:43:15.220544','faf2323a-a485-4dc5-9fe7-155759ad51b2','GMKDH의 파티'),('2024-05-18 21:26:55.483162','fb2079ad-9e88-4233-b392-dff64b61e385','riri0912의 파티'),('2024-05-18 17:09:49.195319','fba1a2d5-a574-4b9b-879e-f94056c49cc7','413c66fc-2725-4a29-8d42-d36d33bb102f'),('2024-05-18 22:33:06.635933','fce99be3-ed7c-4e1a-bf4b-a06fb540d366','test의 파티'),('2024-05-18 17:22:40.743319','fe2d4aad-0a65-4722-91ba-9aeb49070b2c','72a19cc2-a227-416a-b233-50ea28eee86e'),('2024-05-18 14:01:42.770102','fe599f60-be43-4b77-973b-96757cfb7832','test의 파티'),('2024-05-18 11:13:34.604597','fe776277-360d-4155-8207-91433e9aa053','riri0912의 파티'),('2024-05-19 16:38:15.054735','fe94a59e-aa2a-4d10-b7dd-4b73c8df2382','레오의 파티'),('2024-05-18 18:34:33.164583','ff36a57a-63d0-4a78-82c4-2844e9f09c56','GMKDH의 파티'),('2024-05-18 16:44:51.774004','ff57f691-a4e0-4e75-b8d6-1e683dba5178','제가지훈입니다의 파티'),('2024-05-18 03:01:58.976505','ff73fcf3-63f6-4072-b2ba-906ca4a39908','LikeBear의 파티');
/*!40000 ALTER TABLE `party` ENABLE KEYS */;
UNLOCK TABLES;

--
-- Table structure for table `party_member`
--

DROP TABLE IF EXISTS `party_member`;
/*!40101 SET @saved_cs_client     = @@character_set_client */;
/*!50503 SET character_set_client = utf8mb4 */;
CREATE TABLE `party_member` (
  `created_at` datetime(6) NOT NULL,
  `party_id` varchar(255) NOT NULL,
  `player_id` varchar(255) NOT NULL,
  PRIMARY KEY (`party_id`,`player_id`),
  KEY `FKejrp53eds125keh10a4nkga65` (`player_id`),
  CONSTRAINT `FKctrpcp93h130dwe6j1jlhf960` FOREIGN KEY (`party_id`) REFERENCES `party` (`party_id`),
  CONSTRAINT `FKejrp53eds125keh10a4nkga65` FOREIGN KEY (`player_id`) REFERENCES `player` (`player_id`)
) ENGINE=InnoDB DEFAULT CHARSET=utf8mb4 COLLATE=utf8mb4_0900_ai_ci;
/*!40101 SET character_set_client = @saved_cs_client */;

--
-- Dumping data for table `party_member`
--

LOCK TABLES `party_member` WRITE;
/*!40000 ALTER TABLE `party_member` DISABLE KEYS */;
INSERT INTO `party_member` VALUES ('2024-05-18 18:20:09.086250','01910cdd-d5f1-48a6-a346-1e4d68353f25','kdhkdh'),('2024-05-17 20:06:38.255888','019efbb6-df30-46fe-9622-0e1f841a58e0','asdf'),('2024-05-17 20:06:38.156236','019efbb6-df30-46fe-9622-0e1f841a58e0','qwer1'),('2024-05-17 20:35:39.422666','02e2505d-c044-4cee-9430-8aa5f59c62af','asdf'),('2024-05-17 20:35:39.315151','02e2505d-c044-4cee-9430-8aa5f59c62af','qwer1'),('2024-05-18 01:24:14.206605','04350f48-4ef7-4dd0-8f4d-195af5345fa2','test'),('2024-05-18 02:03:38.108770','06daa696-2cd8-4756-beb6-15484a359441','wjdtpwls32'),('2024-05-17 20:19:17.122644','07f2f31d-3cc6-4645-a650-4c5a0644e1be','asdf'),('2024-05-17 20:19:17.232209','07f2f31d-3cc6-4645-a650-4c5a0644e1be','qwer1'),('2024-05-18 13:43:01.869528','08101e9b-5b3e-407c-a211-d048adf861c5','test'),('2024-05-18 22:23:19.905005','08be0db0-45c9-40f1-9f33-4dc54012d99b','test'),('2024-05-17 23:42:03.217245','098a4fd7-76fe-4d19-825a-05e360dbcb38','test'),('2024-05-18 02:23:49.694223','09b7dc42-6ada-4e02-a2c7-9f35db2e65d9','wjdtpwls32'),('2024-05-18 13:33:28.403546','0a9bb4ad-75fb-4c65-90e1-0f930fe0481e','test'),('2024-05-18 18:08:50.567031','0ac13d3c-39e3-409c-95dc-dfa21c1c68b7','kdhkdh'),('2024-05-18 21:18:48.726929','0ae98b5a-d956-48a4-9a00-825abba2d18c','hslee0912'),('2024-05-18 02:46:28.805925','0c4bb504-7c3f-4fc9-9951-49338021b780','wjdtpwls32'),('2024-05-18 01:26:10.374675','0f7286db-6653-4372-81c2-281438b4fd37','test'),('2024-05-18 21:17:29.625660','11949d67-caee-4653-a4c8-cd78c854949f','hslee0912'),('2024-05-18 14:21:41.868841','13a0a445-7f5a-4061-bedb-a9f216117063','test'),('2024-05-18 18:41:35.936786','14f6ca5c-51e8-456e-98e0-e7590054944a','wjdtpwls32'),('2024-05-18 22:24:42.800125','15936ecb-7973-44e3-bb2d-b6fbcb0a2763','test'),('2024-05-19 16:42:27.838405','165d7d2c-1d75-425a-bbdd-2701aae56823','test'),('2024-05-18 02:57:51.926350','16e4b587-1fe5-46b0-8f32-e8ef38a2a14c','wjdtpwls32'),('2024-05-18 18:28:53.325176','190388d7-8bfb-44db-868e-d45a8148b4bb','qwer1'),('2024-05-17 19:58:26.747503','19c24cf5-a9f1-40fb-9448-e068c30780f0','qwer1'),('2024-05-18 21:14:58.736825','1b1a974e-779e-4ebe-990e-fea5a9bdc7ce','hslee0912'),('2024-05-19 16:31:37.535874','1b661473-2b2f-49be-9081-00ade2145935','test'),('2024-05-18 14:51:49.940670','1d235606-b8fd-4490-8d7f-293cbba739f8','test'),('2024-05-18 20:24:42.882336','1f17bbfc-c865-4104-a5fe-77f25bcc6b1d','wjdtpwls32'),('2024-05-18 21:55:48.973968','20558fab-9e86-46d5-8a08-1693f9ef5070','hslee0912'),('2024-05-19 16:45:17.615989','20b06f5d-68f5-4fd2-8c53-649a5a736b43','test'),('2024-05-17 20:11:51.986126','212a6148-74b8-4868-89e3-1f2295a9b333','asdf'),('2024-05-17 20:11:52.086239','212a6148-74b8-4868-89e3-1f2295a9b333','qwer1'),('2024-05-18 20:36:44.454177','22702587-9d58-4644-9e64-3b48abf045b0','wjdtpwls32'),('2024-05-18 21:37:08.711398','2276b2e6-4f31-4634-bab0-b24c4b0380d6','hslee0912'),('2024-05-18 18:41:22.452786','23958fe8-9148-49ea-b42b-5783e63005d8','qwer1'),('2024-05-18 18:04:09.639761','24ffde22-18d4-4911-8b65-1d074941509c','kdhkdh'),('2024-05-18 21:41:15.409885','25711cad-76d9-4307-a33e-4669758fa40f','test9999'),('2024-05-18 18:45:14.029018','2651c8db-6103-43dd-bf1d-c9b59f816c90','wjdtpwls32'),('2024-05-18 17:39:35.012703','2663e46d-ce59-4b31-a42d-2c58e3424a89','test'),('2024-05-19 03:44:33.751789','26a207b0-c6fe-4905-a252-617e2db0702c','hslee0912'),('2024-05-19 03:12:36.990553','26eb065d-0871-4e39-8a43-67b3c9261aa7','hslee0912'),('2024-05-18 23:45:43.236934','2719e5c6-2b8c-4541-936d-1b3f0c9ba2e7','inpofes1'),('2024-05-18 22:06:14.072298','27bd39e6-aabb-48ee-94ac-8fb27c14c98b','test0000'),('2024-05-18 23:31:03.504314','2b820ee9-aba6-4f24-a609-aa370a090658','test9999'),('2024-05-18 11:19:33.931352','2cbd59d8-23f1-4709-ac6a-f6f6a6c5baa0','hslee0912'),('2024-05-18 23:20:27.119842','2d37e7c4-1015-475a-8443-e5020c3aee5c','test'),('2024-05-18 23:20:27.269029','2d37e7c4-1015-475a-8443-e5020c3aee5c','test0000'),('2024-05-18 23:20:27.306448','2d37e7c4-1015-475a-8443-e5020c3aee5c','test9999'),('2024-05-18 23:57:41.314902','2d5e5dbd-c72c-4911-aec0-61933bbf3006','test0001'),('2024-05-18 19:49:11.823234','2d6d0947-f044-4d93-bee1-9c28be532134','peng'),('2024-05-18 18:03:18.498912','2e417b39-fc99-4d0e-8aeb-a373a95a5c8c','hslee0912'),('2024-05-17 20:09:45.590217','2e5f77ad-ce2f-4097-be2f-2e0ae36693df','asdf'),('2024-05-17 20:09:45.810437','2e5f77ad-ce2f-4097-be2f-2e0ae36693df','qwer1'),('2024-05-18 21:38:42.291403','2e7aa5b4-9191-49c3-9af3-7cef0cbf8e87','hslee0912'),('2024-05-18 13:47:24.184364','2f6635eb-3bda-4834-99ee-ffa809f933e0','test'),('2024-05-18 21:12:08.736390','3036f150-e6d7-4699-a37a-e8fee60fa1cb','hslee0912'),('2024-05-19 02:21:00.406996','30573df1-200b-4004-a52f-162199baca16','test'),('2024-05-18 19:08:52.847404','30717c89-0141-48be-9411-e196ea6efd63','test'),('2024-05-18 17:23:08.339833','30b7c644-a895-49df-9fa8-8be53ff4dde4','ju0522'),('2024-05-19 16:22:19.843430','3197207b-4fb7-44f1-a0eb-e4bad40f9061','coach1'),('2024-05-18 19:44:38.328463','31eb19db-e1c4-4bd5-95cf-b383a8805f7f','peng'),('2024-05-17 20:33:10.687828','32a8c1ab-90c0-45ed-8d30-596c9f25228d','asdf'),('2024-05-17 20:33:10.576935','32a8c1ab-90c0-45ed-8d30-596c9f25228d','qwer1'),('2024-05-18 18:29:28.058662','32b14cd5-9100-4a4f-bd40-11a032a06539','qwer1'),('2024-05-17 20:08:32.367239','3419b822-32df-4d3d-9fa0-a6e5717bdb6e','asdf'),('2024-05-17 20:08:32.238311','3419b822-32df-4d3d-9fa0-a6e5717bdb6e','qwer1'),('2024-05-18 00:56:30.527964','35090864-2c9e-41a9-bdd7-b144b5ac28fa','hslee0912'),('2024-05-18 17:36:57.640491','359a85d2-39ec-403a-8990-51a2794085d2','test'),('2024-05-18 18:37:54.187817','35c2f563-00e5-4833-98fd-e117f53cc6a4','qwer1'),('2024-05-18 15:00:41.263302','35e03850-ecb8-47a0-8e65-faa4f710d975','test'),('2024-05-17 20:13:59.931393','369c68ee-acc0-4947-bbb5-a760280e4813','asdf'),('2024-05-17 20:14:00.057461','369c68ee-acc0-4947-bbb5-a760280e4813','qwer1'),('2024-05-19 16:20:03.752733','3702af9b-ab18-4bf6-85e2-a5dac8b0952a','test0000'),('2024-05-18 21:29:06.717003','371f09cc-e287-4b32-9c43-36f11d604c7b','test0000'),('2024-05-18 21:20:29.207575','376fb797-99ce-48c8-90eb-3020dac3f219','hslee0912'),('2024-05-18 19:56:15.598292','37db66af-fe05-4911-92b7-80ac468430ee','wjdtpwls32'),('2024-05-18 00:02:43.190493','381c948c-9976-4c65-84ac-c59dac70db40','test'),('2024-05-18 15:38:34.536876','38c95943-97a8-4541-9332-6a9658aac61a','test0000'),('2024-05-18 18:30:13.829238','3a62a9af-c7d9-4a5a-ac46-d8e4ec836b94','qwer1'),('2024-05-19 02:26:05.754140','3afaeb10-81ea-419f-9303-d705f5451c0e','test'),('2024-05-18 17:58:36.226280','3bf2af65-b3cc-4ea6-bf92-f5c64b3c5bea','kdhkdh'),('2024-05-17 23:57:10.087539','3de46f52-9caa-44d6-b7ad-f654920496a8','test'),('2024-05-18 02:30:40.060930','3f4756b2-2305-4f75-a402-53874f4b777a','wjdtpwls32'),('2024-05-18 00:54:54.360494','42308780-b39b-46e3-8057-7a75b562c0b1','hslee0912'),('2024-05-18 16:49:55.041700','423405be-e1d4-4cd3-a7ff-39c3c0dda1c6','wjdtpwls32'),('2024-05-18 14:47:48.152180','4234e56b-34b2-4387-8a1a-01193345bc54','test'),('2024-05-18 22:39:38.650168','43f9a549-b895-4344-a152-ba7fb4960713','test'),('2024-05-18 22:39:38.756504','43f9a549-b895-4344-a152-ba7fb4960713','test0000'),('2024-05-18 22:39:38.774382','43f9a549-b895-4344-a152-ba7fb4960713','test9999'),('2024-05-18 19:14:47.250985','44b835e3-14b5-49f1-87ff-dd94e92cfcac','test'),('2024-05-18 22:07:05.118381','44d6826f-8b52-45bf-9441-385dfcdb7135','test0000'),('2024-05-18 01:46:03.517190','45a77e11-624c-4b49-8c91-f1ac902ad2eb','wjdtpwls32'),('2024-05-18 19:32:31.113227','46722ae1-7028-4970-a3e9-3b38b56a6d71','wjdtpwls32'),('2024-05-18 21:58:25.373390','467f1be9-99e3-4678-ac91-fef83048a653','hslee0912'),('2024-05-17 20:24:07.528220','477153cd-68b5-4fc7-aad0-00fadad8cf8e','asdf'),('2024-05-17 20:24:07.631788','477153cd-68b5-4fc7-aad0-00fadad8cf8e','qwer1'),('2024-05-18 21:02:57.044128','4791e127-4836-4792-b88f-5ec8cce17386','wjdtpwls32'),('2024-05-18 17:26:31.908905','485e8d8f-a5e5-4ab6-a371-7e2488eb7f69','hahaha'),('2024-05-18 17:26:31.976963','485e8d8f-a5e5-4ab6-a371-7e2488eb7f69','ju0522'),('2024-05-17 20:00:54.870045','488ed53e-434c-4bae-a1ec-6a05168023be','asdf'),('2024-05-18 03:01:50.724602','48a9fe4c-c470-407d-8e32-fccbe6e57ae3','wjdtpwls32'),('2024-05-18 17:51:37.317240','4945eba3-8a47-49e8-851d-74d57742bc03','kdhkdh'),('2024-05-18 14:25:35.949776','4a776af2-b92d-4be6-a867-a93e454a4025','test'),('2024-05-18 13:44:43.828470','4ac535b0-8e08-4862-9605-304978f6f453','test'),('2024-05-18 14:36:14.353874','4b3cd4d7-6a2a-434c-be08-b42f420f1a6a','test'),('2024-05-18 01:32:41.651092','4ba9625b-1031-4613-9c76-0ddf68ce48a4','wjdtpwls32'),('2024-05-18 21:34:21.188674','4cd09206-86a2-431b-9a2a-7f948562866d','hslee0912'),('2024-05-18 14:58:43.389437','4d84859c-fa21-4257-b2ea-b5b69f52e148','test'),('2024-05-18 17:06:05.089381','4dd120a7-6771-4831-9003-b887847737c5','qwer1'),('2024-05-18 02:14:25.459645','4e863b43-a0a5-4791-a815-9567a12d0183','wjdtpwls32'),('2024-05-17 19:55:00.199817','4eb20f7c-fc97-411d-bcf9-181c8c6974c0','qwer1'),('2024-05-18 03:01:10.854126','4f555219-3f40-4b38-81cb-e19075e8289d','test'),('2024-05-18 17:41:30.366928','4f857d8c-60e6-4c6f-8906-5f563d6ae8ec','kdhkdh'),('2024-05-18 02:05:17.730356','511c8b09-d847-47df-980e-c069ea285605','wjdtpwls32'),('2024-05-18 21:42:06.977479','516f896c-ca06-40c2-8a73-440e244772eb','test0000'),('2024-05-18 21:42:06.995813','516f896c-ca06-40c2-8a73-440e244772eb','test9999'),('2024-05-19 16:48:38.470538','5187259a-781d-4abf-9f12-ebebd583712f','test'),('2024-05-18 21:37:20.462344','5547c2ef-acf5-4d96-8222-e680de75715f','hslee0912'),('2024-05-18 02:07:52.108783','556d34fb-1c91-480b-9170-1d91e7f53c99','wjdtpwls32'),('2024-05-17 23:55:08.697677','557da05e-69a6-4769-9fe7-c4f7ab9e5ff8','test'),('2024-05-18 17:34:46.757438','557e9c19-8a3c-4cbe-a8ba-0cb21f0c13f0','test'),('2024-05-18 14:10:56.203181','55cbaeb1-5270-4b6e-b59a-104e30a017c6','test'),('2024-05-18 13:27:32.227685','573fa465-fd62-4591-8887-611d0a7d2651','test'),('2024-05-18 18:37:31.436807','57f5d1d2-c275-4441-a526-f2a6b00acfb8','qwer1'),('2024-05-18 19:09:17.416619','58209b75-9888-45d2-ad55-583fc79ad8a5','wjdtpwls32'),('2024-05-18 00:52:44.738261','584ae3d3-e758-48cb-a6c1-796895927f9a','hslee0912'),('2024-05-18 11:21:34.011057','5868b84c-f0c2-474d-8698-05d32aada706','hslee0912'),('2024-05-17 20:22:49.217761','58dd4849-94a9-4125-afe1-b07e64f3a5f0','asdf'),('2024-05-17 20:22:49.334857','58dd4849-94a9-4125-afe1-b07e64f3a5f0','qwer1'),('2024-05-18 18:18:46.233461','58f60c69-72e6-41ab-a39a-62779eb89780','kdhkdh'),('2024-05-18 19:35:32.098196','5aaab376-5857-4380-a997-1f55e7245534','peng'),('2024-05-18 17:42:35.530420','5cf6217c-7aba-46c5-9d9f-5a5c9ae81c90','test'),('2024-05-18 19:49:19.532529','5d79af28-d73f-45c5-9b6c-8795f7a4049b','wjdtpwls32'),('2024-05-18 21:51:21.255954','5db9bf6e-5981-4d14-a38c-50ae83c96d74','hslee0912'),('2024-05-19 16:38:33.319808','5dec3006-524d-4dea-9f06-8bd5b2942763','test'),('2024-05-18 21:43:04.822277','5e348d8b-38e6-4b40-90ed-b03f95b45c34','hslee0912'),('2024-05-18 13:58:20.214614','5e870064-ea57-4f83-aa6e-acfec9eb5582','test'),('2024-05-18 22:21:25.739996','61b02d09-1bda-4ae3-86d1-b0fb1514d41c','hslee0912'),('2024-05-19 16:51:31.858491','61cb747e-bde4-4670-accb-24b3c3668142','test'),('2024-05-18 22:19:43.960432','64d7a52b-e05d-4690-9214-2a9ccb537193','hslee0912'),('2024-05-18 22:42:56.335117','65ce56c1-8af7-49c5-b25a-c5781d35ed27','test'),('2024-05-18 22:42:56.489142','65ce56c1-8af7-49c5-b25a-c5781d35ed27','test0000'),('2024-05-18 22:42:56.483561','65ce56c1-8af7-49c5-b25a-c5781d35ed27','test9999'),('2024-05-18 20:32:18.510698','66b8d0d6-d579-40b4-a331-c788e54d4c22','test'),('2024-05-17 19:55:22.470475','678fccf4-5a2e-416c-8ed7-9a7a4c6dc4ab','test'),('2024-05-18 21:28:21.924065','68578388-8e0b-4806-b0d5-20dfa35df1db','hslee0912'),('2024-05-18 01:44:07.666468','689c1fe5-6c4f-4946-848f-8688f2424a05','wjdtpwls32'),('2024-05-19 16:41:53.853049','68e8ceca-d232-4f04-a4bc-ea2f7ddd6272','test'),('2024-05-18 22:00:25.638708','69450391-a7b8-4f24-99d7-8dc779c457e7','hslee0912'),('2024-05-18 03:01:29.302308','6980772f-28fa-4171-ad0e-ef9ff97c7603','test'),('2024-05-18 15:06:02.366485','69fef990-7507-46f0-a252-0473b032cadb','test'),('2024-05-19 16:40:04.052804','6a1aea0e-79ed-4c8d-bc7c-3ff4f6f2346d','test'),('2024-05-18 00:18:39.693529','6d339bc2-c849-435e-b372-5a7a20d7389c','test0000'),('2024-05-18 11:17:44.792733','6dfce72a-608a-4a57-aed0-e368866f8940','hslee0912'),('2024-05-18 19:21:08.114351','6ee64bca-1e5a-410f-ab34-a0f62ef88ebe','wjdtpwls32'),('2024-05-18 13:26:15.941455','6f41e745-8a42-4928-aa13-9f2eb23cbbf0','test'),('2024-05-18 18:33:02.048104','6f789137-2c27-46f3-bf4c-2a8023ea0069','kdhkdh'),('2024-05-18 14:20:34.696575','6fa506e5-785c-46ce-9cb7-d295532ec8b0','test'),('2024-05-18 19:51:19.643489','70aa8776-d7fa-45ab-bbb7-bdd5c84b6619','peng'),('2024-05-18 22:59:30.122821','70ba65d1-3855-4d8f-a2bf-fbf2b3497ee8','kdhkdh'),('2024-05-18 21:22:32.979180','70c791cd-e62a-4656-893b-fcc46ba8494f','hslee0912'),('2024-05-18 22:30:12.724300','71b26817-6d29-4c38-803e-8a148b9fee64','hslee0912'),('2024-05-18 20:07:46.099504','728acca8-c6e1-4501-9654-5875468716be','wjdtpwls32'),('2024-05-18 17:41:18.119972','73bd1469-ed66-4710-9fe4-8435f54d292d','test'),('2024-05-19 16:36:58.291545','73d86f6f-30e9-45d2-8cdd-9e4c60b7f401','test'),('2024-05-19 16:25:45.879107','74552c1e-249a-46f5-a779-1d0fa5d57295','coach1'),('2024-05-18 19:39:35.859474','74cb0f19-5ebc-4ef5-bcba-57f9aad6a029','peng'),('2024-05-18 23:30:46.832408','767f04ea-c05e-447f-ab3c-625c5018792d','test0000'),('2024-05-18 23:48:32.450196','76dc0988-31b4-49e7-bf32-7c239f9e2316','inpofes1'),('2024-05-18 16:51:11.367360','77018696-054c-471d-b1e8-a58e79f3f67b','qqqq'),('2024-05-18 02:19:17.306714','792cc79b-f2af-4b76-9f18-3e1107970562','wjdtpwls32'),('2024-05-18 22:26:21.285799','7a89b85b-6e81-4a41-ba10-accbeed41df6','hslee0912'),('2024-05-18 21:25:21.109214','7ab477ca-184f-4d45-9b06-134ecbd63b0c','hslee0912'),('2024-05-18 19:12:23.790734','7acbeff4-ec69-47c6-b64b-64d4ddaf9403','wjdtpwls32'),('2024-05-18 02:12:49.535927','7af4f405-d1f6-40bd-ab5a-8e05bf393496','wjdtpwls32'),('2024-05-18 19:46:45.186066','7c27e2b8-cc0e-4813-b9dc-11c9a621d92f','peng'),('2024-05-18 03:05:41.429384','7dd0bbe5-5e4a-4e03-a156-8302147180d2','test'),('2024-05-18 13:30:59.380051','7e53a6ee-75ce-4541-8d67-81c5c8db3241','test'),('2024-05-18 01:59:31.227158','7ed9ce52-af29-47a5-9569-a7773685d743','wjdtpwls32'),('2024-05-18 02:37:51.622220','801c303a-13aa-4d78-8e06-b0e71e4e8355','wjdtpwls32'),('2024-05-19 16:33:07.225455','8092d2ed-0b33-49e7-9be0-801aeb002143','test'),('2024-05-18 11:25:05.917968','80a509aa-7810-4127-bb0a-240b42a9a17b','hslee0912'),('2024-05-18 00:20:32.195127','80b316a4-15d1-4ccc-91e7-277ee8399dfb','test0000'),('2024-05-18 21:43:29.108373','80c351c6-da69-43d1-8e66-9f4c868bb1e5','test0000'),('2024-05-18 21:43:29.160702','80c351c6-da69-43d1-8e66-9f4c868bb1e5','test9999'),('2024-05-18 02:59:07.300558','82631bcf-8e8f-4aef-a4b4-35b765d8ae81','wjdtpwls32'),('2024-05-18 21:49:15.629511','8391b7d2-1b26-456c-8fb9-e5013ee8d37f','hslee0912'),('2024-05-18 18:56:02.650142','85b4c931-309b-4a17-9476-63749ce1ad25','test'),('2024-05-19 10:58:29.538632','861c54ee-90b3-48c4-938c-801b9e4ccc61','jjaacom'),('2024-05-18 02:36:20.450157','8660a711-63f4-43f9-8c8f-144ab50c4f42','wjdtpwls32'),('2024-05-18 02:15:58.200398','869693ec-c63c-4c8f-85e7-5ba0c499f1fe','wjdtpwls32'),('2024-05-18 21:24:52.912646','86a2c444-f871-4c69-89b6-95aaa159c714','test0000'),('2024-05-18 18:06:14.477724','87424706-aaba-4bce-8f6d-ed21ccb5135f','kdhkdh'),('2024-05-18 20:53:06.759304','875323a0-4a9e-4d03-8522-5a2b26585fdb','test'),('2024-05-19 10:54:27.699661','87f0abb6-084f-478a-9be4-06a0e028eaab','jjaacom'),('2024-05-17 17:29:10.748138','88eeca24-44b6-4095-a44d-a6f95909cf21','Thingseong'),('2024-05-18 16:42:09.383511','89829c8b-a462-4f38-aab9-718114c8e092','wlgns3479'),('2024-05-18 01:47:27.907998','8c1abb0b-213d-4a29-a63f-9130feb4d56b','wjdtpwls32'),('2024-05-18 18:12:00.773384','8c410bd8-0c24-4fb5-8f03-51ba3121559c','hslee0912'),('2024-05-18 23:07:30.310034','8d3dc9e1-b544-4fe0-b7ad-d63aa2683d0d','kdhkdh'),('2024-05-18 02:29:11.176550','8dc0c060-f526-4e85-81a7-d3007f0d9a2f','wjdtpwls32'),('2024-05-18 02:40:14.912455','8e235ef6-d968-4c67-8a82-f628addd5b48','wjdtpwls32'),('2024-05-18 23:30:16.553747','8f063ccd-bea8-407a-91ff-af80c6f6fb50','test'),('2024-05-18 22:03:35.498602','903746b7-eb36-4e1a-8f88-5be6f73203d4','test0000'),('2024-05-18 22:08:19.411730','913e4ae1-1328-4534-9ff8-9a550e51ff87','qwer1'),('2024-05-17 20:04:47.029238','92795c60-d9c9-4405-b59c-bc31d10d37f9','asdf'),('2024-05-17 20:04:46.924690','92795c60-d9c9-4405-b59c-bc31d10d37f9','qwer1'),('2024-05-18 18:30:18.000698','938763e6-e3cf-447e-9d2b-9cef14668fe8','kdhkdh'),('2024-05-18 22:47:28.151646','96bbb0e5-4613-4a23-b025-97fa16278a4b','test'),('2024-05-18 22:47:28.266583','96bbb0e5-4613-4a23-b025-97fa16278a4b','test0000'),('2024-05-18 22:47:28.266584','96bbb0e5-4613-4a23-b025-97fa16278a4b','test9999'),('2024-05-18 03:03:29.161924','9707dbfc-4cf5-4bac-b2aa-b2bc6134ec17','wjdtpwls32'),('2024-05-17 20:20:49.877211','976c6f30-c045-4dbf-82e3-0d08f235a08f','asdf'),('2024-05-17 20:20:49.999817','976c6f30-c045-4dbf-82e3-0d08f235a08f','qwer1'),('2024-05-19 11:00:01.035805','9800a13e-e88d-4930-ac61-7be66cceafd9','jjaacom'),('2024-05-19 03:46:09.734811','984830ae-4199-4c87-8553-f358fa715f3b','hslee0912'),('2024-05-19 16:36:40.072302','998e8a0a-cc61-496e-9515-5eeb9a4cca81','test'),('2024-05-18 17:54:54.846066','9a23e706-639b-4fd1-af93-e1e4135a1cd4','kdhkdh'),('2024-05-18 19:15:41.534697','9b1c6234-f61a-4fca-a7f5-0cf9083cea3e','wjdtpwls32'),('2024-05-18 01:21:16.410052','9b3d5447-59a6-4423-acaa-5e8c5ca8062b','test'),('2024-05-18 16:59:25.539848','9bd318e4-dfc5-4d13-b46c-3cb5077d98fa','test'),('2024-05-18 21:09:39.682433','9c750964-38dd-442d-8642-4953ed253833','test0000'),('2024-05-18 02:01:34.757078','9c754c00-98ee-4d83-859d-7663a6c3211b','wjdtpwls32'),('2024-05-18 18:26:48.368261','9cbe556d-f1b0-45ae-8db1-032829fe3f6b','kdhkdh'),('2024-05-18 22:19:35.233416','9e736cf4-a503-46e3-b565-891ac7663cd5','test'),('2024-05-18 17:49:40.573326','a014f148-2cd6-473c-9fe7-2da545c2c3c3','kdhkdh'),('2024-05-18 18:33:35.905435','a042ba7f-cb79-4747-aeb5-0cee481ed33b','qwer1'),('2024-05-18 03:00:29.665699','a0aea777-11ee-4ed6-9138-84e9c51f95e6','wjdtpwls32'),('2024-05-18 19:41:59.727774','a0ce40a3-7d21-4865-8086-1c4875a99e54','peng'),('2024-05-18 23:27:19.190962','a37ea0fe-e97b-4991-b910-16347670ac0d','test'),('2024-05-18 23:27:19.348341','a37ea0fe-e97b-4991-b910-16347670ac0d','test0000'),('2024-05-18 23:27:19.348341','a37ea0fe-e97b-4991-b910-16347670ac0d','test9999'),('2024-05-18 17:09:55.003008','a4776872-f009-4625-8edd-334c26f0dba8','test9999'),('2024-05-18 17:38:27.286620','a61b96f7-84f0-4861-9595-026f5fcb7ad9','kdhkdh'),('2024-05-18 13:57:41.755101','a65f8265-6522-48c5-a8c2-2fec7b20515e','wjdtpwls32'),('2024-05-18 19:43:55.297646','a67aa824-be23-4e14-a264-25844b080b2b','peng'),('2024-05-18 02:24:00.097916','a7d7f505-ace9-4fbb-bc5f-d8055e81a6f9','wjdtpwls32'),('2024-05-18 11:15:39.750845','a8d59363-402a-4941-962e-335e57daff3e','hslee0912'),('2024-05-18 20:55:26.210498','a960d163-5754-4b58-a43a-d1fbe00c0fb5','test'),('2024-05-18 17:30:58.147950','a9e7a75e-a441-4a57-9f48-8c43fdf30212','kdhkdh'),('2024-05-18 02:32:51.870105','a9fc76ba-5712-44ff-a3b6-576a49a2ad02','wjdtpwls32'),('2024-05-17 23:48:50.426879','aa8c152d-1919-47bb-b586-e564eeb36d43','test'),('2024-05-18 01:52:31.801572','ac113264-a922-40dd-8846-012a29cd7604','wjdtpwls32'),('2024-05-18 22:22:56.137948','ac9b1bc4-d9cd-4ae2-bf33-c85de09c18ee','hslee0912'),('2024-05-19 16:28:12.941331','ad4326b9-f2b9-46b5-950a-32958c6b6001','coach1'),('2024-05-18 19:53:59.266587','adbcb537-2185-4bc9-bce0-af43f59622ba','peng'),('2024-05-17 20:38:46.812852','ade47a94-d954-4dad-88bf-30b0b30b3c8b','asdf'),('2024-05-17 20:38:46.702145','ade47a94-d954-4dad-88bf-30b0b30b3c8b','qwer1'),('2024-05-18 21:30:47.807361','aea70ede-f910-4bde-ac5a-cb55d6fd14c8','hslee0912'),('2024-05-19 00:09:34.075622','aebefa18-44d9-4fe6-bb60-b482c0f780da','test'),('2024-05-18 22:09:45.399944','afc08f6d-c3c5-4c99-b961-c8cfda0034d1','test0000'),('2024-05-18 18:04:55.020249','afc2994a-daac-4a41-b1c1-9a10cff017f5','hslee0912'),('2024-05-18 21:32:48.173019','b05308eb-2cce-4215-9fa2-54b3c220a0de','hslee0912'),('2024-05-17 16:56:46.791003','b11406f0-e8d0-48b8-aaad-00d1a9586d0a','SSAFY123'),('2024-05-19 16:34:55.531650','b2ce89d0-62d0-46c9-9124-cfb972b59998','test'),('2024-05-18 22:53:11.819668','b3133559-b668-4d75-98cc-8ee1a541ca2e','test'),('2024-05-18 22:53:11.945364','b3133559-b668-4d75-98cc-8ee1a541ca2e','test0000'),('2024-05-18 22:53:11.974536','b3133559-b668-4d75-98cc-8ee1a541ca2e','test9999'),('2024-05-18 21:29:44.922024','b38119cf-0e6a-407c-a1fa-c4779bb4e744','hslee0912'),('2024-05-19 02:30:42.087751','b3a8c60f-54cd-4694-bfba-ea9ae931ce00','qqq2'),('2024-05-18 01:48:35.521392','b4517ac0-3e87-4d9a-9614-d7d1814f8a59','wjdtpwls32'),('2024-05-18 01:55:10.246044','b4d7f99f-f238-4dea-8203-b50104377b20','wjdtpwls32'),('2024-05-18 20:21:31.246438','b4e99111-176d-4dd8-b013-d30f59d30b87','wjdtpwls32'),('2024-05-18 20:40:49.208328','b50d810d-a64e-4241-9191-cc42878e3ad6','wjdtpwls32'),('2024-05-18 02:48:31.130612','b54d806f-4d0e-4b50-b46e-5048e977b340','wjdtpwls32'),('2024-05-18 21:48:27.839632','b5aa1c33-5fcf-47ab-b993-44b8af36935a','test0000'),('2024-05-18 21:48:27.940351','b5aa1c33-5fcf-47ab-b993-44b8af36935a','test9999'),('2024-05-18 15:10:21.110264','b7be27be-b176-4226-92af-8a46b230acb9','test'),('2024-05-18 03:03:08.799984','b7be89ac-06f9-4f37-98fe-3ee52acf6d64','test'),('2024-05-17 23:46:14.290147','ba06e6b9-7c39-4901-8e34-cb48bb2a0322','test'),('2024-05-18 02:17:45.965786','ba79492b-1115-4609-8c61-a78e34be2341','wjdtpwls32'),('2024-05-18 19:59:58.392180','bb8c7c7f-0b32-4e16-96bb-2f3a0f83c290','wjdtpwls32'),('2024-05-18 17:06:53.038021','bd4e6e5e-3bd9-4681-959c-926c11080b21','qwer1'),('2024-05-18 11:23:07.987256','bd98838d-70e7-4e2d-8aba-27584f71e347','hslee0912'),('2024-05-18 22:04:48.595124','bdcd69d7-7a73-4379-9dc2-798b87a3ab81','test0000'),('2024-05-18 17:53:23.849575','bf3e37a8-4059-4caf-8e03-58fd29885a7b','kdhkdh'),('2024-05-18 22:24:39.247499','bf49ab41-0e17-4d0c-85d4-3116c1b33dd2','hslee0912'),('2024-05-18 19:55:21.489717','c04f5903-910e-425b-9968-8a488f2190c3','peng'),('2024-05-18 17:56:44.289697','c0ad77fe-2888-4845-bde8-c1e612c51381','kdhkdh'),('2024-05-18 17:36:21.452426','c159df61-3219-4fab-ae68-263d9aa1610e','kdhkdh'),('2024-05-18 18:02:53.527072','c1c0e0eb-a4f5-4280-8d32-20732a520af8','kdhkdh'),('2024-05-18 19:52:46.945950','c488f069-e1f6-43b9-9f50-454b9df09df7','peng'),('2024-05-17 20:18:11.916960','c96c688c-29b4-4782-9a15-122a01f3da00','asdf'),('2024-05-17 20:18:12.048808','c96c688c-29b4-4782-9a15-122a01f3da00','qwer1'),('2024-05-18 14:06:22.715430','c9cae93f-26a0-4246-b859-65ae75490a29','test'),('2024-05-18 14:45:26.671749','ca8e2fde-18cc-4588-9d4d-0b816b8a1bfb','test'),('2024-05-18 13:46:35.083409','ca9b2b31-a266-43f7-9df0-ee6ac37cf3fb','test'),('2024-05-18 21:44:20.171268','cb3414f9-610f-4517-a2cb-f5e9b7d86033','hslee0912'),('2024-05-18 14:41:52.524855','cd5b07a2-95be-45c9-933f-5961335a44ae','test'),('2024-05-18 02:34:33.616214','ce06225a-ecbb-4023-a28d-77369bdd8257','wjdtpwls32'),('2024-05-18 02:21:32.765140','ce2d1c2c-00c0-4688-99b0-be6f8dd5bb9f','wjdtpwls32'),('2024-05-18 11:12:14.380651','ce654962-4556-4445-b269-371c12505334','hslee0912'),('2024-05-18 18:12:53.488074','cf25e026-d71c-4933-a36b-ea87d874fa08','kdhkdh'),('2024-05-18 23:31:17.204953','cf99bee9-a5f3-4843-bdd9-52ed82c949f0','test'),('2024-05-19 16:35:06.980922','d01681f5-4c8d-41f3-b430-9aae542836bf','test'),('2024-05-18 18:01:49.453924','d064abe9-3c52-492c-b99b-ed358c870820','kdhkdh'),('2024-05-18 17:59:34.081961','d08302be-f09a-4f14-83c6-dca5c95a14cb','kdhkdh'),('2024-05-18 23:32:13.396480','d0a6d8b4-4856-4510-82e0-6811d1ae6f85','test'),('2024-05-17 23:33:27.481823','d15b869d-acb9-4961-9cd0-0797e8f819b3','test'),('2024-05-18 14:16:18.975236','d3002613-7c2d-416d-95bb-9611c2124df4','test'),('2024-05-18 17:33:52.371941','d54fea0a-1d75-46ce-b85e-08e6108f2a79','kdhkdh'),('2024-05-17 20:29:38.527335','d6ec143f-2b1e-45da-908b-b2fa32bd9bc9','asdf'),('2024-05-17 20:29:38.448188','d6ec143f-2b1e-45da-908b-b2fa32bd9bc9','qwer1'),('2024-05-19 03:10:25.317074','d6fed41c-7532-4cdb-9377-2dcf795f1fe3','hslee0912'),('2024-05-18 01:57:32.350043','d724b9b7-d32f-49f6-81cd-bded85e37a02','wjdtpwls32'),('2024-05-18 21:35:37.450950','d794d6a9-8b1e-43b4-b53e-a55fcf97c3e2','hslee0912'),('2024-05-18 18:00:55.566182','d8501581-a28b-4159-8171-1903c46b49e9','kdhkdh'),('2024-05-18 21:22:29.505786','d8ba8962-4511-4161-82fe-e6513bac4346','test0000'),('2024-05-18 11:26:32.213377','dbdd5de0-2670-4b57-bc60-bcab8c22ae76','hslee0912'),('2024-05-18 21:46:37.765094','dc962db5-1913-4d49-a255-d61df8db1854','test0000'),('2024-05-18 21:46:37.795518','dc962db5-1913-4d49-a255-d61df8db1854','test9999'),('2024-05-18 15:41:44.424123','dc982b4c-ff3b-4e93-84c8-defe573b28ff','test'),('2024-05-19 16:31:04.503580','dcd3cece-62f8-41cc-b4b4-8fac0e34e0c3','hspear'),('2024-05-17 19:55:30.367050','dcd7c1be-0e07-4254-84db-e703dedb427c','qwer1'),('2024-05-18 18:24:32.333932','dd3783bb-f4ca-4ce4-9792-4ea717c010ea','kdhkdh'),('2024-05-18 19:37:18.921170','ddb1b5be-4184-426e-8dc8-ffaae70d458c','peng'),('2024-05-18 02:09:58.475119','df55ab8e-5350-43c1-b0ca-3e0799160c4f','wjdtpwls32'),('2024-05-18 18:28:47.254197','e05b72ef-522d-4ed9-b923-9f0741435f87','kdhkdh'),('2024-05-18 13:56:37.360293','e05f8379-13e4-4fa7-b02c-653fc75d24d6','wjdtpwls32'),('2024-05-18 23:23:54.277773','e15634b8-364d-4ff9-92a2-85f42e39851d','test'),('2024-05-18 23:23:54.446683','e15634b8-364d-4ff9-92a2-85f42e39851d','test0000'),('2024-05-18 23:23:54.423943','e15634b8-364d-4ff9-92a2-85f42e39851d','test9999'),('2024-05-18 21:07:35.018011','e15e9202-994f-47fe-bbd3-b64cea5f8c99','test0000'),('2024-05-18 23:32:35.221409','e24de274-6572-4750-93e0-fe93d8d57a16','test0000'),('2024-05-18 17:47:49.784400','e291a05d-321a-4900-b35c-194eeda6ca43','kdhkdh'),('2024-05-18 22:11:37.016858','e426e0a1-965a-4bb4-a6c3-32501a9c6719','test0000'),('2024-05-18 13:37:37.478449','e4db4698-ace9-4e25-8312-76d50576202f','test'),('2024-05-18 21:04:08.012081','e5275b9d-26c6-4cf7-a129-550ba523aac1','wjdtpwls32'),('2024-05-18 19:53:59.497058','e5dc868e-9d27-4d51-b206-4b7ec5146c89','wjdtpwls32'),('2024-05-18 01:23:05.623005','e806a7fb-b15c-413c-838b-00d29640a7e8','test'),('2024-05-18 21:45:50.739825','e9dbf184-080d-4848-bc6b-02c67fc840bb','hslee0912'),('2024-05-17 21:18:08.765091','ea9a9de4-c479-4285-8fcb-cbe6b4dd62b2','hslee0912'),('2024-05-19 03:47:11.236315','eb646b60-210a-4d43-b5e6-35d59ce8303f','hslee0912'),('2024-05-18 14:18:11.131460','eb97b83c-41fe-4daa-a5ab-09b98709debd','test'),('2024-05-18 18:22:16.798601','eed810db-db23-4ab3-9b43-e85c2537d747','kdhkdh'),('2024-05-18 23:07:39.257613','eeef3a52-fee3-474c-9c09-0e0e1f6ee195','kdhkdh'),('2024-05-17 23:44:39.529348','ef44d322-7f36-4a18-a718-4f3124cde28e','test'),('2024-05-17 20:25:50.790415','ef7203fe-6144-48c7-8eb1-8b83d87b93bf','asdf'),('2024-05-17 20:25:50.915617','ef7203fe-6144-48c7-8eb1-8b83d87b93bf','qwer1'),('2024-05-18 21:15:38.853095','ef7d1ab2-07dc-4288-977a-238c89b9018c','test0000'),('2024-05-18 21:24:16.720180','ef90cfcd-c21e-4802-a5fe-9e9d7e901774','hslee0912'),('2024-05-18 13:53:49.887389','f004fbcf-c386-4569-b9a0-d573aec35700','test'),('2024-05-18 17:45:15.904652','f069afb2-556f-4584-9afb-da7f4f5bcfd8','qqqq'),('2024-05-18 14:01:50.862566','f25b3160-3770-488d-bb42-a93ad7dfb2b5','wjdtpwls32'),('2024-05-17 20:15:56.687626','f2b4d670-2793-4060-bfdb-979058b638ee','asdf'),('2024-05-17 20:15:56.805019','f2b4d670-2793-4060-bfdb-979058b638ee','qwer1'),('2024-05-18 21:47:40.738521','f392ba40-ae6c-4840-bd59-67c46863d5aa','hslee0912'),('2024-05-18 14:08:02.983863','f5cf6e30-c52d-4b2b-b4e3-20c0f176223f','test'),('2024-05-17 21:21:11.435661','f5e12947-bf1f-4d30-88ca-8986d7aead91','hslee0912'),('2024-05-18 22:29:36.186383','f6284f99-ee10-4a67-be5b-b9470172bba2','test'),('2024-05-18 22:29:36.280903','f6284f99-ee10-4a67-be5b-b9470172bba2','test0000'),('2024-05-18 22:29:36.280903','f6284f99-ee10-4a67-be5b-b9470172bba2','test9999'),('2024-05-18 18:16:47.866278','f63d2887-e61d-49d8-bfc2-9881262b850a','kdhkdh'),('2024-05-18 13:36:27.953577','f7014357-2282-487d-bebe-60c34e6a300f','test'),('2024-05-18 23:09:05.735658','f75d5b89-43eb-45c5-ba51-81466bf6551b','kdhkdh'),('2024-05-18 19:16:15.632069','f7dea093-4a28-41ca-9268-bd610f6629a3','test'),('2024-05-18 11:28:03.548055','f8afb0fb-0855-4ecd-b058-687344d525b0','hslee0912'),('2024-05-17 19:51:56.583325','f8e67d14-9d28-4842-a697-103a858ad2ae','qwer1'),('2024-05-18 18:10:50.298668','f8effea9-6a87-45d7-87ea-dd7bbd0fa9d4','kdhkdh'),('2024-05-18 14:24:46.124491','f989eb10-4b40-42ff-948a-e81ae356d9be','test'),('2024-05-18 01:27:06.072120','f990aaa0-409c-4904-8209-10bee1b2abf2','wjdtpwls32'),('2024-05-18 21:08:16.980873','f9f113b6-0b5b-4ca0-8615-5d4971a0569a','test0000'),('2024-05-18 17:43:15.308766','faf2323a-a485-4dc5-9fe7-155759ad51b2','kdhkdh'),('2024-05-18 21:26:55.579279','fb2079ad-9e88-4233-b392-dff64b61e385','hslee0912'),('2024-05-18 17:09:49.405347','fba1a2d5-a574-4b9b-879e-f94056c49cc7','kdhkdh'),('2024-05-18 22:33:06.672386','fce99be3-ed7c-4e1a-bf4b-a06fb540d366','test'),('2024-05-18 22:33:06.872905','fce99be3-ed7c-4e1a-bf4b-a06fb540d366','test0000'),('2024-05-18 22:33:06.888297','fce99be3-ed7c-4e1a-bf4b-a06fb540d366','test9999'),('2024-05-18 17:22:40.819044','fe2d4aad-0a65-4722-91ba-9aeb49070b2c','hahaha'),('2024-05-18 14:01:42.845587','fe599f60-be43-4b77-973b-96757cfb7832','test'),('2024-05-18 11:13:34.676006','fe776277-360d-4155-8207-91433e9aa053','hslee0912'),('2024-05-19 16:38:15.252821','fe94a59e-aa2a-4d10-b7dd-4b73c8df2382','test'),('2024-05-18 18:34:33.276341','ff36a57a-63d0-4a78-82c4-2844e9f09c56','kdhkdh'),('2024-05-18 16:44:51.820334','ff57f691-a4e0-4e75-b8d6-1e683dba5178','wlgns3479'),('2024-05-18 03:01:59.012718','ff73fcf3-63f6-4072-b2ba-906ca4a39908','wjdtpwls32');
/*!40000 ALTER TABLE `party_member` ENABLE KEYS */;
UNLOCK TABLES;

--
-- Table structure for table `player`
--

DROP TABLE IF EXISTS `player`;
/*!40101 SET @saved_cs_client     = @@character_set_client */;
/*!50503 SET character_set_client = utf8mb4 */;
CREATE TABLE `player` (
  `is_first` bit(1) NOT NULL,
  `created_at` datetime(6) NOT NULL,
  `player_gold` bigint NOT NULL,
  `player_id` varchar(16) NOT NULL,
  `player_nickname` varchar(16) NOT NULL,
  `password` varchar(64) NOT NULL,
  PRIMARY KEY (`player_id`)
) ENGINE=InnoDB DEFAULT CHARSET=utf8mb4 COLLATE=utf8mb4_0900_ai_ci;
/*!40101 SET character_set_client = @saved_cs_client */;

--
-- Dumping data for table `player`
--

LOCK TABLES `player` WRITE;
/*!40000 ALTER TABLE `player` DISABLE KEYS */;
INSERT INTO `player` VALUES (_binary '\0','2024-05-17 20:00:22.632917',0,'asdf','asdf','$2a$10$oXJxx5LzirfDOQCftUJOeeZNx7E9S3HPnCsh8I1lm6reyd/wuJ6e.'),(_binary '\0','2024-05-19 16:22:02.868411',0,'coach1','insik','$2a$10$1aPbFb9X9pGtmNHbtVXRH.xddrDIn4D7UOOdAi6XFJ4hHZxya.qAC'),(_binary '\0','2024-05-18 17:22:24.363579',0,'hahaha','kingchan','$2a$10$HBZhlN6j6YQssimwtp3Zze22mJlOSQL.9BhCc9SSigW42zTlb.R/S'),(_binary '\0','2024-05-17 21:17:48.850874',0,'hslee0912','riri0912','$2a$10$JxW6F7ewo7grBRc9s13XJ.f5Qa0J9TyKezFogTRHqkMnjzYOJkg.G'),(_binary '\0','2024-05-19 16:30:55.707576',0,'hspear','hspear','$2a$10$BgugXOeDJbiAZnddowbdN.6ohMsqwy4MiYEkeYzKJw6diZmyOeoeK'),(_binary '\0','2024-05-18 23:45:27.933425',0,'inpofes1','인포자1','$2a$10$Zq9AimlTXUzqXNuIC/muD.ZiX0GNvrtzDeQvuByoaNn3AOfL4Osji'),(_binary '\0','2024-05-19 10:54:14.959997',0,'jjaacom','jeonjihwan','$2a$10$YymW9U8UJU40kub.8jY09eINDqcOcFxYFUBGitL/1D/O2gmrjq4OG'),(_binary '\0','2024-05-18 17:22:42.847973',0,'ju0522','쭈리마이','$2a$10$YwciseL/XiPQ45nBFC0NjemGUA6m6MnTkP1XSomDx2.ylyroaL6n6'),(_binary '\0','2024-05-18 17:09:35.336673',0,'kdhkdh','GMKDH','$2a$10$mSQoa6L0JWsQHzgcT.D8supSMbXHHl6YnLcC0tl01jNUZZRDN8Dmi'),(_binary '\0','2024-05-18 19:35:23.485926',0,'peng','peng','$2a$10$Hzk6fp3fm9nessnW7su7X.o4FLlJH3/W9Zlx3RPat/nfCPcysdoF6'),(_binary '\0','2024-05-19 02:30:32.849046',0,'qqq2','qqq2','$2a$10$L/6OpZc6Ybwk8P0hbtnJX.GQM2mJIShSmOANUI.vCyNV2zXE6Y5li'),(_binary '\0','2024-05-18 16:51:01.196748',0,'qqqq','큐큐큐큐','$2a$10$QwMpNxXD/Ypx70AWAFNFwuIxYVCsUqGo64JbqhtG4EVrw7bXAGtw6'),(_binary '\0','2024-05-17 19:51:47.563106',0,'qwer1','초귀요미금형이','$2a$10$9O7IrRS5bh6XuDTidc2aXe.J2Qubxae8BM7OEa/7/.FGwKwO1prv6'),(_binary '\0','2024-05-17 16:55:50.321184',0,'SSAFY123','SSAFY123','$2a$10$kERD/U8DL2ktw6h/dQkFmOLVrp5JH8t1bBKeLCvFnSS6WBUjXXPQi'),(_binary '\0','2024-05-17 19:55:15.696531',0,'test','레오','$2a$10$ZMl.x7wK0QrGE9Qw3XuJSeVPLoiHuYIgPzLiBAhlKcZGol6MJXLZm'),(_binary '\0','2024-05-18 00:18:30.725268',0,'test0000','아리아','$2a$10$Hv8WCA1BN.j4jnX/HF1kXedtCodLEwiV18nqEAArnAfHvSZ0.2zB6'),(_binary '\0','2024-05-18 23:57:25.903368',0,'test0001','test0001','$2a$10$pmVz23wP1qL8EFucjxkpNumqxxRYpsII8CJF3OwM0SKMm02qj9twG'),(_binary '\0','2024-05-18 17:05:31.259385',0,'test9999','이안','$2a$10$MvcPWSvei2QyMznuH52M6.GZeJb20m4..RyoBvkK7tkzzrvMCTvc6'),(_binary '\0','2024-05-17 17:29:00.898209',0,'Thingseong','Thingseong','$2a$10$GYcbTzTIlpZgTi/tPeXhfeDxBuizFRGJ/GN1kk0S0i172Oy37x0F.'),(_binary '\0','2024-05-18 01:26:58.931957',0,'wjdtpwls32','LikeBear','$2a$10$bHveECMtn3g0.fjya1mRKerRbicIF.PK5wTzcLqKy7TCa.wrwI9qC'),(_binary '\0','2024-05-18 16:41:55.404402',0,'wlgns3479','제가지훈입니다','$2a$10$bKqrm0.xs5s01.ru4skd2u351z/92di4P9IFLW4Tm5b9asok5HiWO');
/*!40000 ALTER TABLE `player` ENABLE KEYS */;
UNLOCK TABLES;

--
-- Table structure for table `player_class`
--

DROP TABLE IF EXISTS `player_class`;
/*!40101 SET @saved_cs_client     = @@character_set_client */;
/*!50503 SET character_set_client = utf8mb4 */;
CREATE TABLE `player_class` (
  `player_level` int NOT NULL,
  `skill_point` int NOT NULL,
  `player_exp` bigint NOT NULL,
  `class_code` varchar(255) NOT NULL,
  `player_id` varchar(255) NOT NULL,
  PRIMARY KEY (`class_code`,`player_id`),
  KEY `FKs5jcukdu5r7ku9mf091s31hw8` (`player_id`),
  CONSTRAINT `FK4ahpg8sy6o4wp568qfahwoqhs` FOREIGN KEY (`class_code`) REFERENCES `class` (`class_code`),
  CONSTRAINT `FKs5jcukdu5r7ku9mf091s31hw8` FOREIGN KEY (`player_id`) REFERENCES `player` (`player_id`)
) ENGINE=InnoDB DEFAULT CHARSET=utf8mb4 COLLATE=utf8mb4_0900_ai_ci;
/*!40101 SET character_set_client = @saved_cs_client */;

--
-- Dumping data for table `player_class`
--

LOCK TABLES `player_class` WRITE;
/*!40000 ALTER TABLE `player_class` DISABLE KEYS */;
INSERT INTO `player_class` VALUES (1,0,0,'C001','asdf'),(2,0,20,'C001','coach1'),(1,0,60,'C001','hahaha'),(22,0,620,'C001','hslee0912'),(1,0,0,'C001','hspear'),(1,0,0,'C001','inpofes1'),(1,0,0,'C001','jjaacom'),(1,0,0,'C001','ju0522'),(14,0,80,'C001','kdhkdh'),(6,0,280,'C001','peng'),(1,0,0,'C001','qqq2'),(1,0,60,'C001','qqqq'),(16,0,220,'C001','qwer1'),(1,0,0,'C001','SSAFY123'),(21,0,1100,'C001','test'),(15,0,0,'C001','test0000'),(1,0,0,'C001','test0001'),(15,0,0,'C001','test9999'),(1,0,0,'C001','Thingseong'),(6,0,40,'C001','wjdtpwls32'),(1,0,60,'C001','wlgns3479'),(1,0,0,'C002','asdf'),(1,0,0,'C002','coach1'),(1,0,0,'C002','hahaha'),(1,0,30,'C002','hslee0912'),(1,0,0,'C002','hspear'),(1,0,0,'C002','inpofes1'),(2,0,20,'C002','jjaacom'),(1,0,60,'C002','ju0522'),(6,0,20,'C002','kdhkdh'),(1,0,0,'C002','peng'),(1,0,0,'C002','qqq2'),(1,0,0,'C002','qqqq'),(1,0,60,'C002','qwer1'),(1,0,0,'C002','SSAFY123'),(15,0,0,'C002','test'),(18,0,800,'C002','test0000'),(1,0,0,'C002','test0001'),(15,0,0,'C002','test9999'),(1,0,0,'C002','Thingseong'),(6,0,220,'C002','wjdtpwls32'),(1,0,0,'C002','wlgns3479'),(14,0,860,'C003','asdf'),(1,0,0,'C003','coach1'),(1,0,0,'C003','hahaha'),(1,0,10,'C003','hslee0912'),(1,0,0,'C003','hspear'),(1,0,10,'C003','inpofes1'),(1,0,0,'C003','jjaacom'),(1,0,0,'C003','ju0522'),(5,0,50,'C003','kdhkdh'),(1,0,0,'C003','peng'),(1,0,0,'C003','qqq2'),(1,0,0,'C003','qqqq'),(1,0,0,'C003','qwer1'),(1,0,0,'C003','SSAFY123'),(15,0,0,'C003','test'),(15,0,0,'C003','test0000'),(1,0,0,'C003','test0001'),(18,0,0,'C003','test9999'),(1,0,0,'C003','Thingseong'),(16,0,960,'C003','wjdtpwls32'),(1,0,0,'C003','wlgns3479');
/*!40000 ALTER TABLE `player_class` ENABLE KEYS */;
UNLOCK TABLES;

--
-- Table structure for table `player_class_log`
--

DROP TABLE IF EXISTS `player_class_log`;
/*!40101 SET @saved_cs_client     = @@character_set_client */;
/*!50503 SET character_set_client = utf8mb4 */;
CREATE TABLE `player_class_log` (
  `class_code` varchar(4) DEFAULT NULL,
  `created_at` datetime(6) NOT NULL,
  `player_class_log_seq` bigint NOT NULL AUTO_INCREMENT,
  `player_id` varchar(16) DEFAULT NULL,
  PRIMARY KEY (`player_class_log_seq`),
  KEY `FKtq8f7v922bw6wkgcjsfpajml8` (`class_code`),
  KEY `FK6ykxhy23m6hgy0tobc9d54bsm` (`player_id`),
  CONSTRAINT `FK6ykxhy23m6hgy0tobc9d54bsm` FOREIGN KEY (`player_id`) REFERENCES `player` (`player_id`),
  CONSTRAINT `FKtq8f7v922bw6wkgcjsfpajml8` FOREIGN KEY (`class_code`) REFERENCES `class` (`class_code`)
) ENGINE=InnoDB AUTO_INCREMENT=188 DEFAULT CHARSET=utf8mb4 COLLATE=utf8mb4_0900_ai_ci;
/*!40101 SET character_set_client = @saved_cs_client */;

--
-- Dumping data for table `player_class_log`
--

LOCK TABLES `player_class_log` WRITE;
/*!40000 ALTER TABLE `player_class_log` DISABLE KEYS */;
INSERT INTO `player_class_log` VALUES ('C001','2024-05-17 16:55:50.328050',1,'SSAFY123'),('C001','2024-05-17 17:29:00.904298',2,'Thingseong'),('C001','2024-05-17 19:51:47.568135',3,'qwer1'),('C001','2024-05-17 19:55:15.702302',4,'test'),('C001','2024-05-17 20:00:22.638421',5,'asdf'),('C003','2024-05-17 20:04:06.852373',6,'asdf'),('C001','2024-05-17 20:06:29.455604',7,'qwer1'),('C001','2024-05-17 20:08:29.636664',8,'qwer1'),('C003','2024-05-17 20:09:00.487826',9,'asdf'),('C003','2024-05-17 20:09:25.653708',10,'asdf'),('C003','2024-05-17 20:11:47.038543',11,'asdf'),('C003','2024-05-17 20:13:43.333960',12,'asdf'),('C001','2024-05-17 20:13:55.018699',13,'qwer1'),('C003','2024-05-17 20:13:55.475321',14,'asdf'),('C002','2024-05-17 20:15:17.081563',15,'qwer1'),('C001','2024-05-17 20:15:21.264551',16,'qwer1'),('C003','2024-05-17 20:15:44.021011',17,'asdf'),('C003','2024-05-17 20:18:08.105657',18,'asdf'),('C001','2024-05-17 20:20:26.579601',19,'qwer1'),('C001','2024-05-17 20:22:06.878390',20,'qwer1'),('C003','2024-05-17 20:22:38.947426',21,'asdf'),('C003','2024-05-17 20:23:59.014753',22,'asdf'),('C001','2024-05-17 20:24:05.028914',23,'qwer1'),('C001','2024-05-17 20:25:30.343972',24,'qwer1'),('C003','2024-05-17 20:25:35.395851',25,'asdf'),('C001','2024-05-17 20:28:45.927737',26,'qwer1'),('C003','2024-05-17 20:32:58.278323',27,'asdf'),('C003','2024-05-17 20:35:24.664345',28,'asdf'),('C001','2024-05-17 20:35:33.630422',29,'qwer1'),('C001','2024-05-17 20:37:57.299814',30,'qwer1'),('C001','2024-05-17 20:38:06.784912',31,'qwer1'),('C003','2024-05-17 20:38:40.398131',32,'asdf'),('C001','2024-05-17 21:17:48.855750',33,'hslee0912'),('C001','2024-05-17 21:20:39.543051',34,'hslee0912'),('C001','2024-05-17 21:20:55.386253',35,'hslee0912'),('C001','2024-05-17 23:41:57.359438',36,'test'),('C001','2024-05-18 00:18:30.729449',37,'test0000'),('C002','2024-05-18 00:20:21.421500',38,'test0000'),('C003','2024-05-18 00:54:34.854842',39,'hslee0912'),('C003','2024-05-18 00:54:40.257539',40,'hslee0912'),('C001','2024-05-18 00:56:22.736597',41,'hslee0912'),('C002','2024-05-18 01:21:12.012944',42,'test'),('C003','2024-05-18 01:23:02.164679',43,'test'),('C001','2024-05-18 01:26:58.936411',44,'wjdtpwls32'),('C003','2024-05-18 01:32:38.802144',45,'wjdtpwls32'),('C003','2024-05-18 01:48:32.298969',46,'wjdtpwls32'),('C003','2024-05-18 01:55:08.022778',47,'wjdtpwls32'),('C003','2024-05-18 01:59:28.911240',48,'wjdtpwls32'),('C003','2024-05-18 02:01:32.063150',49,'wjdtpwls32'),('C003','2024-05-18 02:03:34.447654',50,'wjdtpwls32'),('C003','2024-05-18 02:09:54.029665',51,'wjdtpwls32'),('C003','2024-05-18 02:17:44.041186',52,'wjdtpwls32'),('C003','2024-05-18 02:28:57.188543',53,'wjdtpwls32'),('C003','2024-05-18 02:32:40.324385',54,'wjdtpwls32'),('C003','2024-05-18 02:46:24.789127',55,'wjdtpwls32'),('C001','2024-05-18 03:01:03.661934',56,'test'),('C002','2024-05-18 03:01:25.362882',57,'test'),('C003','2024-05-18 03:03:05.256450',58,'test'),('C002','2024-05-18 11:12:09.800254',59,'hslee0912'),('C001','2024-05-18 11:13:28.049888',60,'hslee0912'),('C001','2024-05-18 11:15:34.949782',61,'hslee0912'),('C001','2024-05-18 11:17:28.520188',62,'hslee0912'),('C001','2024-05-18 11:19:27.130119',63,'hslee0912'),('C001','2024-05-18 11:21:28.830640',64,'hslee0912'),('C001','2024-05-18 11:24:59.870280',65,'hslee0912'),('C001','2024-05-18 11:26:26.079717',66,'hslee0912'),('C001','2024-05-18 11:30:11.148275',67,'hslee0912'),('C001','2024-05-18 13:26:10.618360',68,'test'),('C003','2024-05-18 13:27:22.507430',69,'test'),('C001','2024-05-18 13:27:25.573698',70,'test'),('C003','2024-05-18 13:30:50.377216',71,'test'),('C003','2024-05-18 13:33:23.463450',72,'test'),('C001','2024-05-18 13:42:48.828415',73,'test'),('C001','2024-05-18 13:47:18.029189',74,'test'),('C001','2024-05-18 16:41:55.408892',75,'wlgns3479'),('C001','2024-05-18 16:44:39.481958',76,'wlgns3479'),('C001','2024-05-18 16:51:01.201952',77,'qqqq'),('C001','2024-05-18 17:05:31.264531',78,'test9999'),('C001','2024-05-18 17:06:47.153351',79,'qwer1'),('C001','2024-05-18 17:09:35.340578',80,'kdhkdh'),('C001','2024-05-18 17:22:24.367990',81,'hahaha'),('C001','2024-05-18 17:22:42.852634',82,'ju0522'),('C001','2024-05-18 17:25:31.440012',83,'ju0522'),('C002','2024-05-18 17:25:37.859944',84,'hahaha'),('C002','2024-05-18 17:25:47.208479',85,'ju0522'),('C001','2024-05-18 17:26:21.392629',86,'hahaha'),('C001','2024-05-18 17:36:18.461287',87,'kdhkdh'),('C002','2024-05-18 17:41:26.981552',88,'kdhkdh'),('C002','2024-05-18 17:47:47.055091',89,'kdhkdh'),('C002','2024-05-18 17:51:34.989682',90,'kdhkdh'),('C002','2024-05-18 17:53:21.682325',91,'kdhkdh'),('C002','2024-05-18 17:56:42.145743',92,'kdhkdh'),('C002','2024-05-18 17:58:08.457364',93,'kdhkdh'),('C003','2024-05-18 17:58:34.232779',94,'kdhkdh'),('C003','2024-05-18 18:04:07.268552',95,'kdhkdh'),('C001','2024-05-18 18:04:47.994280',96,'hslee0912'),('C003','2024-05-18 18:08:48.527906',97,'kdhkdh'),('C003','2024-05-18 18:12:51.159607',98,'kdhkdh'),('C002','2024-05-18 18:15:01.187353',99,'kdhkdh'),('C001','2024-05-18 18:16:40.413311',100,'kdhkdh'),('C001','2024-05-18 18:18:27.284579',101,'kdhkdh'),('C001','2024-05-18 18:18:34.921168',102,'kdhkdh'),('C001','2024-05-18 18:22:04.023844',103,'kdhkdh'),('C001','2024-05-18 18:22:05.723524',104,'kdhkdh'),('C001','2024-05-18 18:24:27.541468',105,'kdhkdh'),('C001','2024-05-18 18:26:42.920585',106,'kdhkdh'),('C001','2024-05-18 18:28:43.086940',107,'kdhkdh'),('C001','2024-05-18 18:32:56.083722',108,'kdhkdh'),('C001','2024-05-18 18:41:29.481036',109,'wjdtpwls32'),('C002','2024-05-18 19:05:53.362609',110,'test'),('C001','2024-05-18 19:09:13.964831',111,'wjdtpwls32'),('C003','2024-05-18 19:14:29.302717',112,'test'),('C001','2024-05-18 19:15:38.147208',113,'wjdtpwls32'),('C001','2024-05-18 19:22:42.528749',114,'wjdtpwls32'),('C001','2024-05-18 19:35:23.490038',115,'peng'),('C001','2024-05-18 19:41:56.630315',116,'peng'),('C001','2024-05-18 19:46:42.405329',117,'peng'),('C001','2024-05-18 19:48:31.940091',118,'peng'),('C002','2024-05-18 19:49:16.495428',119,'wjdtpwls32'),('C001','2024-05-18 19:51:16.711286',120,'peng'),('C002','2024-05-18 19:56:12.299472',121,'wjdtpwls32'),('C002','2024-05-18 20:07:42.633546',122,'wjdtpwls32'),('C002','2024-05-18 20:21:02.659686',123,'wjdtpwls32'),('C002','2024-05-18 20:36:38.136629',124,'wjdtpwls32'),('C001','2024-05-18 20:52:24.333615',125,'test'),('C003','2024-05-18 21:02:20.173979',126,'wjdtpwls32'),('C001','2024-05-18 21:14:54.241390',127,'hslee0912'),('C001','2024-05-18 21:15:33.643798',128,'test0000'),('C001','2024-05-18 21:17:25.622260',129,'hslee0912'),('C001','2024-05-18 21:18:53.072016',130,'test0000'),('C001','2024-05-18 21:22:04.127664',131,'hslee0912'),('C001','2024-05-18 21:22:13.457088',132,'test0000'),('C001','2024-05-18 21:22:21.735972',133,'hslee0912'),('C001','2024-05-18 21:24:12.575252',134,'hslee0912'),('C003','2024-05-18 21:24:42.789284',135,'test0000'),('C001','2024-05-18 21:26:49.009663',136,'hslee0912'),('C001','2024-05-18 21:26:49.082163',137,'hslee0912'),('C001','2024-05-18 21:26:52.399668',138,'hslee0912'),('C001','2024-05-18 21:28:13.072366',139,'hslee0912'),('C002','2024-05-18 21:28:54.761039',140,'test0000'),('C001','2024-05-18 21:34:18.270726',141,'hslee0912'),('C002','2024-05-18 21:35:11.043827',142,'test0000'),('C001','2024-05-18 21:35:26.228928',143,'hslee0912'),('C003','2024-05-18 21:41:08.662249',144,'test0000'),('C001','2024-05-18 21:41:37.193842',145,'test0000'),('C002','2024-05-18 21:41:55.208293',146,'test0000'),('C001','2024-05-18 21:43:19.266933',147,'test9999'),('C001','2024-05-18 21:44:12.067208',148,'hslee0912'),('C003','2024-05-18 21:46:14.041884',149,'test9999'),('C003','2024-05-18 21:46:17.888597',150,'test9999'),('C001','2024-05-18 21:48:12.250696',151,'test0000'),('C001','2024-05-18 21:58:18.349401',152,'hslee0912'),('C002','2024-05-18 22:04:14.761756',153,'test0000'),('C003','2024-05-18 22:06:08.921707',154,'test0000'),('C002','2024-05-18 22:07:00.424151',155,'test0000'),('C002','2024-05-18 22:08:02.255434',156,'qwer1'),('C002','2024-05-18 22:08:12.414229',157,'qwer1'),('C001','2024-05-18 22:09:20.880370',158,'test0000'),('C001','2024-05-18 22:18:15.365842',159,'test'),('C001','2024-05-18 22:18:19.468976',160,'hslee0912'),('C001','2024-05-18 22:23:09.238862',161,'test'),('C002','2024-05-18 22:28:30.059014',162,'test0000'),('C001','2024-05-18 22:29:22.956183',163,'test'),('C001','2024-05-18 22:32:03.887679',164,'hslee0912'),('C002','2024-05-18 22:51:57.707934',165,'test0000'),('C001','2024-05-18 23:32:09.919850',166,'test'),('C002','2024-05-18 23:32:19.493884',167,'test0000'),('C001','2024-05-18 23:45:27.937513',168,'inpofes1'),('C003','2024-05-18 23:48:21.369412',169,'inpofes1'),('C001','2024-05-18 23:57:25.907718',170,'test0001'),('C001','2024-05-19 02:20:01.804664',171,'test'),('C001','2024-05-19 02:25:48.023237',172,'test'),('C001','2024-05-19 02:30:32.853325',173,'qqq2'),('C001','2024-05-19 02:42:38.711661',174,'test'),('C001','2024-05-19 03:10:15.564360',175,'hslee0912'),('C001','2024-05-19 03:44:24.421996',176,'hslee0912'),('C001','2024-05-19 10:54:14.964178',177,'jjaacom'),('C002','2024-05-19 10:57:31.241854',178,'jjaacom'),('C002','2024-05-19 10:57:36.861538',179,'jjaacom'),('C002','2024-05-19 10:58:12.458185',180,'jjaacom'),('C002','2024-05-19 11:02:08.167139',181,'jjaacom'),('C001','2024-05-19 16:19:57.771328',182,'test0000'),('C001','2024-05-19 16:22:02.873103',183,'coach1'),('C001','2024-05-19 16:25:37.693714',184,'coach1'),('C001','2024-05-19 16:30:55.712076',185,'hspear'),('C001','2024-05-19 16:36:08.428702',186,'test'),('C001','2024-05-19 16:41:49.041724',187,'test');
/*!40000 ALTER TABLE `player_class_log` ENABLE KEYS */;
UNLOCK TABLES;

--
-- Table structure for table `skill`
--

DROP TABLE IF EXISTS `skill`;
/*!40101 SET @saved_cs_client     = @@character_set_client */;
/*!50503 SET character_set_client = utf8mb4 */;
CREATE TABLE `skill` (
  `skill_code` varchar(4) NOT NULL,
  `skill_name` varchar(255) NOT NULL,
  `required_level` int NOT NULL DEFAULT '0',
  PRIMARY KEY (`skill_code`)
) ENGINE=InnoDB DEFAULT CHARSET=utf8mb4 COLLATE=utf8mb4_0900_ai_ci;
/*!40101 SET character_set_client = @saved_cs_client */;

--
-- Dumping data for table `skill`
--

LOCK TABLES `skill` WRITE;
/*!40000 ALTER TABLE `skill` DISABLE KEYS */;
INSERT INTO `skill` VALUES ('A101','RapidArrow',0),('A102','StormStrike',0),('A201','ArrowShower',0),('A202','ArrowBomb',0),('A301','ArrowStab',1),('A302','WindShield',0),('A303','ScatterArrow',1),('A304','Tumbling',1),('A305','WindBlast',1),('A306','ChargeArrow',0),('A307','ForestBless',0),('A308','Tempest',0),('A309','ForestSpirit',0),('A310','WindSpirit',0),('A401','WindBall',0),('A402','LightningShot',0),('C001','COMMON',0),('M101','BubbleShot',1),('M102','Fear',0),('M201','IceBone',1),('M202','Meteor',0),('M203','BloodBoom',0),('M204','PoisonMist',0),('M205','FireWall',0),('M206','Plague',0),('M301','Heal',0),('M302','Protection',0),('M303','FlashLight',1),('M304','QuickFreeze',0),('M305','ChainLightning',0),('M306','Teleport',1),('M401','Gravity',0),('M402','Thunder',0),('W102','SwordWave',0),('W103','Sting',0),('W104','ThrowingShield',0),('W105','MoonSword',0),('W204','HolyHammer',1),('W301','Guard',0),('W302','DrawSword',1),('W303','Massacre',0),('W305','Blessing',0),('W306','DoubleSlash',1),('W307','TripleSlash',0),('W308','ShieldSlam',0),('W309','BackStep',1),('W310','QuadrupleSlash',0),('W401','WindSlash',0),('W402','WhirlWind',0);
/*!40000 ALTER TABLE `skill` ENABLE KEYS */;
UNLOCK TABLES;
/*!40103 SET TIME_ZONE=@OLD_TIME_ZONE */;

/*!40101 SET SQL_MODE=@OLD_SQL_MODE */;
/*!40014 SET FOREIGN_KEY_CHECKS=@OLD_FOREIGN_KEY_CHECKS */;
/*!40014 SET UNIQUE_CHECKS=@OLD_UNIQUE_CHECKS */;
/*!40101 SET CHARACTER_SET_CLIENT=@OLD_CHARACTER_SET_CLIENT */;
/*!40101 SET CHARACTER_SET_RESULTS=@OLD_CHARACTER_SET_RESULTS */;
/*!40101 SET COLLATION_CONNECTION=@OLD_COLLATION_CONNECTION */;
/*!40111 SET SQL_NOTES=@OLD_SQL_NOTES */;

-- Dump completed on 2024-05-19 16:59:13
